StartDate,EndDate,Status,IPAddress,Progress,Duration (in seconds),Finished,RecordedDate,ResponseId,RecipientLastName,RecipientFirstName,RecipientEmail,ExternalReference,LocationLatitude,LocationLongitude,DistributionChannel,UserLanguage,Q16,Q14,Q14_3_TEXT,Q15,Q15_7_TEXT,Q1_1,Q1_2,Q1_3,Q1_4,Q1_5,Q1_6,Q1_7,Q1_8,Q1_9,Q1_10,Q1_11,Q1_12,Q7_First Click,Q7_Last Click,Q7_Page Submit,Q7_Click Count,Q2_1,Q2_2,Q2_3,Q2_4,Q2_5,Q2_6,Q2_7,Q2_8,Q2_9,Q2_10,Q2_11,Q2_12,Q8_First Click,Q8_Last Click,Q8_Page Submit,Q8_Click Count,Q5_1,Q5_2,Q5_3,Q5_4,Q5_5,Q5_6,Q5_7,Q5_8,Q5_9,Q5_10,Q5_11,Q5_12,Q5_13,Q5_14,Q9_First Click,Q9_Last Click,Q9_Page Submit,Q9_Click Count,Q6_1,Q6_2,Q6_3,Q6_4,Q6_5,Q6_6,Q6_7,Q6_8,Q6_9,Q6_10,Q12_First Click,Q12_Last Click,Q12_Page Submit,Q12_Click Count,Q13,workerId,assignmentId,hitId
Start Date,End Date,Response Type,IP Address,Progress,Duration (in seconds),Finished,Recorded Date,Response ID,Recipient Last Name,Recipient First Name,Recipient Email,External Data Reference,Location Latitude,Location Longitude,Distribution Channel,User Language,"CONSENT FORM  Meaning, Resilience, and Values     You are invited to be in a research study about how meaning, resiliency, and life values are related to each other.  We ask that you read this form and ask any questions you may have before agreeing to be in the study.     This study is being conducted by Dr. Erin M. Buchanan, Professor of Cognitive Analytics at Harrisburg University of Science and Technology.      Background Information:  We are interested in how people perceive their life’s meaning, resiliency, and values. You will complete a few questions online, as well as complete questionnaires about yourself and these tasks.     Procedures:  The study includes questions about your life values, which will be taken completely online. The study should take less than 10 minutes to complete.      Risks and Benefits of being in the Study:  One possible risk of the current study is that you may feel uncomfortable reporting your about your values. However, the confidentiality-guaranteeing procedures employed by the researchers will minimize this risk. Absolutely no one will be able to see your opinions or responses and be able to associate it with your identity.     There is no direct benefit to you for participating in this study. However, your responses will contribute to our understanding of basic psychological processes.     Compensation:  You will receive a $1.25 for completing the study, which approximates federal minimum wage for 10 minutes of your time.      Confidentiality:  Measures are taken to ensure that all information you provide will be anonymous. Only members of the research team will have access to the original dataset, which will be stored on a password-locked computer. Your name or other identifying information will not be entered into the dataset and no references will be made in verbal or written reports that could link you to the study. In any publication, information will be provided in such a way that you cannot be identified.      Data Sharing:  De-identified data from this study may be shared with the research community at large to advance science and health. We will remove or code any personal information that could identify you before files are shared with other researchers to ensure that, by current scientific standards and known methods, no one will be able to identify you from the information we share. Despite these measures, we cannot guarantee anonymity of your personal data.     Before your data are shared outside the research team, any potentially identifying information will be removed. The anonymous data may be used by the research team or shared with other researchers, for both related and unrelated research purposes in the future. Your anonymous data may also be made available in online data repositories such as the Open Science Framework (which are free data repositories that require registration to have access), which allow other researchers and interested parties to access the data for further analysis.     Voluntary Nature of the Study:  Participation in this study is voluntary:   Your decision whether or not to participate will not affect your current or future relations with Harrisburg University of Science and Technology. If you decide to participate, you are free to not answer any question or withdraw at any time without affecting those relationships.      Contacts and Questions:  The researchers conducting this study are Dr. Erin M. Buchanan. If you have questions later, you are encouraged to contact Dr. Erin M. Buchanan at ebuchanan@harrisburgu.edu.     Questions or Concerns:  This study has been reviewed by Harrisburg University of Science and Technology’s Institutional Review Board (IRB).  The IRB has determined that this study fulfills the human research subject protections obligations required by state and federal law and University policies.       A copy of this information to keep for your records will be provided upon request.",What is your gender? - Selected Choice,What is your gender? - Other - Text,What your race? - Selected Choice,What your race? - Other - Text,IN THE LAST TWO WEEKS… - I was receptive to observing unpleasant thoughts and feelings without interfering with them.,IN THE LAST TWO WEEKS… - I tried to make peace with my negative thoughts and feelings rather than resisting them,IN THE LAST TWO WEEKS… - I was attentive and aware of my emotions,IN THE LAST TWO WEEKS… - I was in tune with my thoughts and feelings from moment to moment,"IN THE LAST TWO WEEKS… - Even when I felt hurt or upset, I tried to maintain a broader perspective",IN THE LAST TWO WEEKS… - I carried myself through tough moments by seeing my life from a larger viewpoint,IN THE LAST TWO WEEKS… - I was able to let negative feelings come and go without getting caught up in them,"IN THE LAST TWO WEEKS… - When I was upset, I was able to let those negative feelings pass through me without clinging to them",IN THE LAST TWO WEEKS… - I was very in-touch with what is important to me and my life,IN THE LAST TWO WEEKS… - I stuck to my deeper priorities in life,"IN THE LAST TWO WEEKS… - Even when I stumbled in my efforts, I didn't quit working toward what is important","IN THE LAST TWO WEEKS… - Even when times got tough, I was still able to take steps toward what I value in life",Timing - First Click,Timing - Last Click,Timing - Page Submit,Timing - Click Count,"IN THE LAST TWO WEEKS… - When I had a bad memory, I tried to distract myself to make it go away",IN THE LAST TWO WEEKS… - I tried to distract myself when I felt unpleasant emotions,"IN THE LAST TWO WEEKS… - I did most things on ""automatic"" with little awareness of what I was doing.",IN THE LAST TWO WEEKS… - I did most things mindlessly without paying much attention.,IN THE LAST TWO WEEKS… - I thought some of my emotions were bad or inappropriate and I shouldn't feel them,IN THE LAST TWO WEEKS… - I criticized myself for having irrational or inappropriate emotions,IN THE LAST TWO WEEKS… - Negative thoughts and feelings tended to stick with me for a long time.,IN THE LAST TWO WEEKS… - Distressing thoughts tended to spin around in my mind like a broken record.,IN THE LAST TWO WEEKS… - My priorities and values often fell by the wayside in my day to day life,"IN THE LAST TWO WEEKS… - When life got hectic, I often lost touch with the things I value",IN THE LAST TWO WEEKS… - Negative feelings often trapped me in inaction,IN THE LAST TWO WEEKS… - Negative feelings easily stalled out my plans,Timing - First Click,Timing - Last Click,Timing - Page Submit,Timing - Click Count,"Please read the following statements. To the right of each you will find seven numbers,  ranging from ""1"" (Strongly Disagree) on the left to ""7"" (Strongly Agree) on the right.  Circle the number which best indicates your feelings about that statement. For example, if  you strongly disagree with a statement, select ""1"". If you are neutral, select ""4"", and if you  strongly agree, select ""7"", etc. - I usually manage one way or another.","Please read the following statements. To the right of each you will find seven numbers,  ranging from ""1"" (Strongly Disagree) on the left to ""7"" (Strongly Agree) on the right.  Circle the number which best indicates your feelings about that statement. For example, if  you strongly disagree with a statement, select ""1"". If you are neutral, select ""4"", and if you  strongly agree, select ""7"", etc. - I feel proud that I have accomplished things in life.","Please read the following statements. To the right of each you will find seven numbers,  ranging from ""1"" (Strongly Disagree) on the left to ""7"" (Strongly Agree) on the right.  Circle the number which best indicates your feelings about that statement. For example, if  you strongly disagree with a statement, select ""1"". If you are neutral, select ""4"", and if you  strongly agree, select ""7"", etc. - I usually take things in stride.","Please read the following statements. To the right of each you will find seven numbers,  ranging from ""1"" (Strongly Disagree) on the left to ""7"" (Strongly Agree) on the right.  Circle the number which best indicates your feelings about that statement. For example, if  you strongly disagree with a statement, select ""1"". If you are neutral, select ""4"", and if you  strongly agree, select ""7"", etc. - I am friends with myself.","Please read the following statements. To the right of each you will find seven numbers,  ranging from ""1"" (Strongly Disagree) on the left to ""7"" (Strongly Agree) on the right.  Circle the number which best indicates your feelings about that statement. For example, if  you strongly disagree with a statement, select ""1"". If you are neutral, select ""4"", and if you  strongly agree, select ""7"", etc. - I feel that I can handle many things at a time.","Please read the following statements. To the right of each you will find seven numbers,  ranging from ""1"" (Strongly Disagree) on the left to ""7"" (Strongly Agree) on the right.  Circle the number which best indicates your feelings about that statement. For example, if  you strongly disagree with a statement, select ""1"". If you are neutral, select ""4"", and if you  strongly agree, select ""7"", etc. - I am determined.","Please read the following statements. To the right of each you will find seven numbers,  ranging from ""1"" (Strongly Disagree) on the left to ""7"" (Strongly Agree) on the right.  Circle the number which best indicates your feelings about that statement. For example, if  you strongly disagree with a statement, select ""1"". If you are neutral, select ""4"", and if you  strongly agree, select ""7"", etc. - I can get through difficult times because I’ve experienced difficulty before.","Please read the following statements. To the right of each you will find seven numbers,  ranging from ""1"" (Strongly Disagree) on the left to ""7"" (Strongly Agree) on the right.  Circle the number which best indicates your feelings about that statement. For example, if  you strongly disagree with a statement, select ""1"". If you are neutral, select ""4"", and if you  strongly agree, select ""7"", etc. - I have self-discipline.","Please read the following statements. To the right of each you will find seven numbers,  ranging from ""1"" (Strongly Disagree) on the left to ""7"" (Strongly Agree) on the right.  Circle the number which best indicates your feelings about that statement. For example, if  you strongly disagree with a statement, select ""1"". If you are neutral, select ""4"", and if you  strongly agree, select ""7"", etc. - I keep interested in things.","Please read the following statements. To the right of each you will find seven numbers,  ranging from ""1"" (Strongly Disagree) on the left to ""7"" (Strongly Agree) on the right.  Circle the number which best indicates your feelings about that statement. For example, if  you strongly disagree with a statement, select ""1"". If you are neutral, select ""4"", and if you  strongly agree, select ""7"", etc. - I can usually find something to laugh about.","Please read the following statements. To the right of each you will find seven numbers,  ranging from ""1"" (Strongly Disagree) on the left to ""7"" (Strongly Agree) on the right.  Circle the number which best indicates your feelings about that statement. For example, if  you strongly disagree with a statement, select ""1"". If you are neutral, select ""4"", and if you  strongly agree, select ""7"", etc. - My belief in myself gets me through hard times.","Please read the following statements. To the right of each you will find seven numbers,  ranging from ""1"" (Strongly Disagree) on the left to ""7"" (Strongly Agree) on the right.  Circle the number which best indicates your feelings about that statement. For example, if  you strongly disagree with a statement, select ""1"". If you are neutral, select ""4"", and if you  strongly agree, select ""7"", etc. - In an emergency, I’m someone people can generally rely on.","Please read the following statements. To the right of each you will find seven numbers,  ranging from ""1"" (Strongly Disagree) on the left to ""7"" (Strongly Agree) on the right.  Circle the number which best indicates your feelings about that statement. For example, if  you strongly disagree with a statement, select ""1"". If you are neutral, select ""4"", and if you  strongly agree, select ""7"", etc. - My life has meaning.","Please read the following statements. To the right of each you will find seven numbers,  ranging from ""1"" (Strongly Disagree) on the left to ""7"" (Strongly Agree) on the right.  Circle the number which best indicates your feelings about that statement. For example, if  you strongly disagree with a statement, select ""1"". If you are neutral, select ""4"", and if you  strongly agree, select ""7"", etc. - When I’m in a difficult situation, I can usually find my way out of it.",Timing - First Click,Timing - Last Click,Timing - Page Submit,Timing - Click Count,"Please take a moment to think about what makes your life feel important to you. Please respond to the following statements as truthfully and accurately as you can, and also please remember that these are very subjective questions and that there are no right or wrong answers. - I understand my life’s meaning.","Please take a moment to think about what makes your life feel important to you. Please respond to the following statements as truthfully and accurately as you can, and also please remember that these are very subjective questions and that there are no right or wrong answers. - I am looking for something that makes my life feel meaningful.","Please take a moment to think about what makes your life feel important to you. Please respond to the following statements as truthfully and accurately as you can, and also please remember that these are very subjective questions and that there are no right or wrong answers. - I am always looking to find my life’s purpose.","Please take a moment to think about what makes your life feel important to you. Please respond to the following statements as truthfully and accurately as you can, and also please remember that these are very subjective questions and that there are no right or wrong answers. - My life has a clear sense of purpose.","Please take a moment to think about what makes your life feel important to you. Please respond to the following statements as truthfully and accurately as you can, and also please remember that these are very subjective questions and that there are no right or wrong answers. - I have a good sense of what makes my life meaningful.","Please take a moment to think about what makes your life feel important to you. Please respond to the following statements as truthfully and accurately as you can, and also please remember that these are very subjective questions and that there are no right or wrong answers. - I have discovered a satisfying life purpose.","Please take a moment to think about what makes your life feel important to you. Please respond to the following statements as truthfully and accurately as you can, and also please remember that these are very subjective questions and that there are no right or wrong answers. - I am always searching for something that makes my life significant.","Please take a moment to think about what makes your life feel important to you. Please respond to the following statements as truthfully and accurately as you can, and also please remember that these are very subjective questions and that there are no right or wrong answers. - I am seeking a purpose or mission for my life.","Please take a moment to think about what makes your life feel important to you. Please respond to the following statements as truthfully and accurately as you can, and also please remember that these are very subjective questions and that there are no right or wrong answers. - My life has no clear purpose.","Please take a moment to think about what makes your life feel important to you. Please respond to the following statements as truthfully and accurately as you can, and also please remember that these are very subjective questions and that there are no right or wrong answers. - I am searching for meaning in my life.",Timing - First Click,Timing - Last Click,Timing - Page Submit,Timing - Click Count,"It would be very helpful if you could tell us at this point whether you  have taken part seriously, so that we can use your answers for our  scientific analysis, or whether you were just clicking through to take a  look at the survey? Please note you will be paid through MTurk no matter what you choose.",workerId,assignmentId,hitId
"{""ImportId"":""startDate"",""timeZone"":""America/Chicago""}","{""ImportId"":""endDate"",""timeZone"":""America/Chicago""}","{""ImportId"":""status""}","{""ImportId"":""ipAddress""}","{""ImportId"":""progress""}","{""ImportId"":""duration""}","{""ImportId"":""finished""}","{""ImportId"":""recordedDate"",""timeZone"":""America/Chicago""}","{""ImportId"":""_recordId""}","{""ImportId"":""recipientLastName""}","{""ImportId"":""recipientFirstName""}","{""ImportId"":""recipientEmail""}","{""ImportId"":""externalDataReference""}","{""ImportId"":""locationLatitude""}","{""ImportId"":""locationLongitude""}","{""ImportId"":""distributionChannel""}","{""ImportId"":""userLanguage""}","{""ImportId"":""QID16""}","{""ImportId"":""QID14""}","{""ImportId"":""QID14_3_TEXT""}","{""ImportId"":""QID15""}","{""ImportId"":""QID15_7_TEXT""}","{""ImportId"":""QID1_1""}","{""ImportId"":""QID1_2""}","{""ImportId"":""QID1_3""}","{""ImportId"":""QID1_4""}","{""ImportId"":""QID1_5""}","{""ImportId"":""QID1_6""}","{""ImportId"":""QID1_7""}","{""ImportId"":""QID1_8""}","{""ImportId"":""QID1_9""}","{""ImportId"":""QID1_10""}","{""ImportId"":""QID1_11""}","{""ImportId"":""QID1_12""}","{""ImportId"":""QID7_FIRST_CLICK""}","{""ImportId"":""QID7_LAST_CLICK""}","{""ImportId"":""QID7_PAGE_SUBMIT""}","{""ImportId"":""QID7_CLICK_COUNT""}","{""ImportId"":""QID2_1""}","{""ImportId"":""QID2_2""}","{""ImportId"":""QID2_3""}","{""ImportId"":""QID2_4""}","{""ImportId"":""QID2_5""}","{""ImportId"":""QID2_6""}","{""ImportId"":""QID2_7""}","{""ImportId"":""QID2_8""}","{""ImportId"":""QID2_9""}","{""ImportId"":""QID2_10""}","{""ImportId"":""QID2_11""}","{""ImportId"":""QID2_12""}","{""ImportId"":""QID8_FIRST_CLICK""}","{""ImportId"":""QID8_LAST_CLICK""}","{""ImportId"":""QID8_PAGE_SUBMIT""}","{""ImportId"":""QID8_CLICK_COUNT""}","{""ImportId"":""QID5_1""}","{""ImportId"":""QID5_2""}","{""ImportId"":""QID5_3""}","{""ImportId"":""QID5_4""}","{""ImportId"":""QID5_5""}","{""ImportId"":""QID5_6""}","{""ImportId"":""QID5_7""}","{""ImportId"":""QID5_8""}","{""ImportId"":""QID5_9""}","{""ImportId"":""QID5_10""}","{""ImportId"":""QID5_11""}","{""ImportId"":""QID5_12""}","{""ImportId"":""QID5_13""}","{""ImportId"":""QID5_14""}","{""ImportId"":""QID9_FIRST_CLICK""}","{""ImportId"":""QID9_LAST_CLICK""}","{""ImportId"":""QID9_PAGE_SUBMIT""}","{""ImportId"":""QID9_CLICK_COUNT""}","{""ImportId"":""QID6_1""}","{""ImportId"":""QID6_2""}","{""ImportId"":""QID6_3""}","{""ImportId"":""QID6_4""}","{""ImportId"":""QID6_5""}","{""ImportId"":""QID6_6""}","{""ImportId"":""QID6_7""}","{""ImportId"":""QID6_8""}","{""ImportId"":""QID6_9""}","{""ImportId"":""QID6_10""}","{""ImportId"":""QID12_FIRST_CLICK""}","{""ImportId"":""QID12_LAST_CLICK""}","{""ImportId"":""QID12_PAGE_SUBMIT""}","{""ImportId"":""QID12_CLICK_COUNT""}","{""ImportId"":""QID13""}","{""ImportId"":""workerId""}","{""ImportId"":""assignmentId""}","{""ImportId"":""hitId""}"
7/4/19 14:21,7/4/19 14:22,0,,100,31,1,7/4/19 14:22,R_3LkaccVgxnVWosN,,,,,,,anonymous,EN,1,3,,2,,,,,,,,,,,,,,0,0,5.122,0,,,,,,,,,4,,,,0.78,0.78,2.901,1,,,,,,,,,,,,,,,0,0,3.388,0,,,,,,,,,,,0,0,6.733,0,1,,,
7/5/19 2:14,7/5/19 2:15,0,,100,110,1,7/5/19 2:15,R_YQTAwAggZkZTO37,,,,,,,anonymous,EN,1,1,,1,,3,3,3,3,3,2,3,3,3,1,2,2,4.596,17.397,18.839,13,1,2,2,1,1,1,1,,2,5,1,2,3.621,22.909,25.047,12,2,2,2,2,1,2,2,3,2,1,2,2,1,1,7.515,26.075,28.741,16,1,1,1,1,1,1,1,1,7,1,2.173,16.029,17.409,10,1,,,
7/5/19 2:14,7/5/19 2:16,0,,100,100,1,7/5/19 2:16,R_3NOka9fv4E5lDj2,,,,,,,anonymous,EN,1,1,,1,,5,4,3,4,5,4,3,4,5,,4,5,4.167,12.403,13.407,13,5,4,3,1,3,3,4,4,3,4,4,5,1.448,16.089,17.289,15,4,6,6,5,5,5,5,4,5,5,5,4,5,4,9.616,20.777,21.754,14,4,5,6,5,4,5,6,5,4,5,3.889,10.697,11.513,12,1,,,
7/5/19 2:14,7/5/19 2:16,0,,100,95,1,7/5/19 2:16,R_2SwtuH5J8MaJ9kM,,,,,,,anonymous,EN,1,1,,4,,6,6,6,6,6,6,6,6,6,6,6,6,3.476,11.054,12.398,16,6,6,6,6,6,6,6,6,6,6,6,6,2.271,13.103,14.375,13,7,7,7,7,7,7,7,7,7,7,7,7,7,7,3.083,18.001,18.117,18,7,7,7,7,7,7,7,7,7,7,2.874,15.825,16.933,10,1,,,
7/5/19 2:14,7/5/19 2:16,0,,100,146,1,7/5/19 2:16,R_22KSM9XguerB12k,,,,,,,anonymous,EN,1,1,,1,,2,3,3,4,3,4,3,2,3,2,4,4,4.371,30.455,30.897,16,4,4,2,2,4,3,3,3,3,2,4,3,2.529,28.803,29.77,14,6,5,5,3,6,5,4,4,6,3,5,6,3,5,9.118,32.161,33.222,15,2,5,4,3,5,2,4,5,6,5,3.612,24.117,30.616,13,1,,,
7/5/19 2:14,7/5/19 2:17,0,,100,145,1,7/5/19 2:17,R_cx1zRJpwHPQ60Jb,,,,,,,anonymous,EN,1,1,,2,,4,3,4,2,4,1,4,5,3,4,5,4,2.488,16.635,17.566,12,6,5,4,3,4,4,5,3,5,4,3,5,4.467,18.848,19.657,12,7,7,6,4,5,6,6,6,5,6,4,5,5,4,4.262,18.172,18.976,14,4,5,7,3,4,6,5,4,5,6,2.924,18.019,19.037,10,1,,,
7/5/19 2:14,7/5/19 2:17,0,,100,188,1,7/5/19 2:17,R_2alTlnZOq1wgaUz,,,,,,,anonymous,EN,1,2,,2,,2,4,4,4,3,4,3,4,3,4,2,4,6.248,43.628,46.002,12,4,4,2,2,3,2,2,2,3,2,2,2,7.519,34.215,38.738,15,5,6,5,6,5,6,6,,6,6,5,6,6,6,9.9,31.461,34.38,13,6,6,3,5,6,5,2,2,3,2,4.641,22.647,25.019,11,1,,,
7/5/19 2:14,7/5/19 2:17,0,,100,177,1,7/5/19 2:17,R_2xS06uN1uGCxY4T,,,,,,,anonymous,EN,1,1,,1,,4,5,4,3,4,5,4,3,4,5,4,4,2.608,13.097,14.06,12,4,5,4,5,5,5,5,5,4,4,4,4,3.382,21.596,35.295,12,5,4,6,4,5,5,4,5,5,6,6,5,5,6,7.277,20.863,25.369,17,5,6,5,4,5,6,5,4,5,6,26.221,45.894,47.09,10,1,,,
7/5/19 2:14,7/5/19 2:17,0,,100,158,1,7/5/19 2:17,R_29sJ3IkvOEN86xM,,,,,,,anonymous,EN,1,1,,4,,3,3,4,3,3,4,3,3,4,2,3,3,6.239,32.174,33.564,13,4,5,4,2,3,4,3,4,3,3,4,4,10.869,46.335,47.57,15,5,3,5,4,5,4,5,4,5,5,4,5,3,4,2.654,30.324,30.643,20,2,5,4,2,2,3,5,5,6,6,2.514,17.311,18.209,11,1,,,
7/5/19 2:16,7/5/19 2:17,0,,100,92,1,7/5/19 2:17,R_07hdfjZaRPcrbPj,,,,,,,anonymous,EN,1,1,,1,,2,2,1,1,1,1,1,2,1,2,1,2,1.648,11.296,13.296,14,1,1,2,2,1,2,2,1,1,2,2,2,1.724,11.444,12.844,13,1,1,2,1,2,2,2,3,2,1,2,2,1,2,2.089,13.417,15.234,16,1,1,1,1,1,1,1,1,7,1,2.218,11.058,12.212,12,1,,,
7/5/19 2:16,7/5/19 2:18,0,,100,72,1,7/5/19 2:18,R_2tg9cGV2J9wWnrX,,,,,,,anonymous,EN,1,1,,4,,6,6,6,6,6,6,6,6,6,6,6,6,1.629,9.1,9.779,14,6,6,6,5,5,5,6,6,6,5,6,6,3.812,12.788,13.662,14,7,7,6,6,7,6,6,7,6,7,6,6,7,6,1.488,10.72,11.696,14,7,7,6,7,6,6,6,6,6,6,1.91,9.662,10.788,10,1,,,
7/5/19 2:16,7/5/19 2:18,0,,100,119,1,7/5/19 2:18,R_1nZsqxEFIfEUYO5,,,,,,,anonymous,EN,1,2,,1,,2,4,4,4,3,4,3,3,4,4,3,4,1.904,12.09,14.542,12,4,3,4,4,3,4,3,3,4,5,3,3,1.001,12.482,20.364,13,5,4,4,3,5,3,4,4,4,5,5,3,6,5,3.491,19.963,27.706,14,4,5,6,5,4,3,4,4,4,4,1.444,9.22,12.967,10,1,,,
7/5/19 2:16,7/5/19 2:18,0,,100,120,1,7/5/19 2:18,R_1MWmfCmA3AkK5JA,,,,,,,anonymous,EN,1,1,,2,,3,2,5,4,3,6,4,5,2,4,3,5,1.944,16.694,17.901,12,3,3,3,4,6,4,5,2,4,5,2,3,2.783,18.697,19.847,12,3,5,6,4,3,3,6,2,7,6,4,4,5,4,4.688,20.479,21.512,14,4,3,5,4,7,2,6,3,5,6,3.538,33.885,35.366,12,1,,,
7/5/19 2:15,7/5/19 2:18,0,,100,171,1,7/5/19 2:18,R_rqpDXaFhMN5yBxL,,,,,,,anonymous,EN,1,2,,6,,3,4,5,5,6,4,3,3,5,4,5,5,6.642,41.81,42.634,13,5,4,1,1,3,6,6,6,2,2,3,2,5.686,43.529,47,13,6,6,3,5,5,6,6,7,5,6,5,6,6,5,6.57,34.154,34.957,14,4,5,5,3,3,2,6,6,6,6,5.255,26.604,28.563,10,1,,,
7/5/19 2:14,7/5/19 2:18,0,,100,241,1,7/5/19 2:18,R_1ODGZNyWfzIviDj,,,,,,,anonymous,EN,1,2,,2,,5,5,4,4,4,4,4,4,5,5,5,4,13.59,28.116,29.616,12,4,4,4,4,4,5,5,5,5,3,3,5,3.391,22.865,29.132,14,6,6,5,6,5,2,5,5,5,5,5,5,5,5,22.543,50.646,54.853,15,7,6,6,6,5,5,5,5,5,4,13.109,26.218,29.197,10,1,,,
7/5/19 2:16,7/5/19 2:18,0,,100,122,1,7/5/19 2:18,R_3k1c90lFBz0G3OF,,,,,,,anonymous,EN,1,2,,1,,3,3,4,4,3,4,3,3,5,4,5,5,5.71,27.045,27.749,12,5,3,2,2,4,4,4,3,1,2,3,3,4.071,30.039,31.076,13,7,6,4,4,3,7,7,5,5,6,4,4,6,5,3.885,24.721,25.629,14,5,6,7,5,5,4,6,5,3,6,3.729,17.589,18.698,10,1,,,
7/5/19 2:16,7/5/19 2:18,0,,100,139,1,7/5/19 2:18,R_1fa7rCByoa8idr3,,,,,,,anonymous,EN,1,1,,1,,2,2,3,3,3,3,3,3,3,2,3,3,4.005,27.118,28.077,12,3,3,2,2,4,3,4,3,3,3,4,4,5.149,37.846,38.621,12,4,4,5,4,3,2,4,4,5,3,3,4,3,5,8.996,36.764,37.428,15,2,4,4,3,3,2,4,4,5,4,4.107,20.108,20.829,10,1,,,
7/5/19 2:15,7/5/19 2:18,0,,100,207,1,7/5/19 2:18,R_2XogAHri5zrsbPh,,,,,,,anonymous,EN,1,1,,4,,3,4,5,4,4,4,4,4,4,4,4,4,8.435,33.659,34.408,13,3,3,3,3,3,3,3,4,3,5,3,4,11.62,54.707,55.936,13,5,6,6,5,6,7,7,5,5,6,6,6,5,6,7.013,45.685,46.768,15,5,5,5,5,5,5,5,5,5,5,3.804,24.277,25.673,10,1,,,
7/5/19 2:15,7/5/19 2:18,0,,100,201,1,7/5/19 2:18,R_1C8eqNq6PaL53VS,,,,,,,anonymous,EN,1,2,,6,,5,4,5,4,3,4,4,4,6,6,6,6,6.472,50.704,51.572,16,4,4,2,2,1,2,2,2,1,1,1,1,5.009,34.076,35.255,14,7,7,7,7,6,7,7,6,7,7,7,6,7,7,6.308,30.031,31.106,15,7,2,2,7,7,7,2,2,1,2,11.661,44.248,45.051,17,1,,,
7/5/19 2:16,7/5/19 2:19,0,,100,177,1,7/5/19 2:19,R_2QWYFa1sv9RhxjA,,,,,,,anonymous,EN,1,1,,2,,5,4,5,3,4,5,4,5,3,5,4,3,2.637,17.369,20.383,12,4,5,4,5,4,5,3,4,3,5,4,6,4.002,35.947,40.94,12,4,6,4,6,3,3,6,6,5,5,3,4,5,6,2.502,60.123,63.398,16,5,6,3,5,6,5,4,3,5,6,3.358,12.896,14.091,10,2,,,
7/5/19 2:14,7/5/19 2:19,0,,100,279,1,7/5/19 2:19,R_3lFv7Iu9SqABjqp,,,,,,,anonymous,EN,1,1,,6,,5,6,6,6,6,6,6,6,6,6,6,6,16.09,60.68,61.736,14,1,1,1,1,1,1,1,1,1,1,1,1,2.61,49.054,51.144,12,6,4,6,7,6,5,6,3,6,6,6,4,5,6,2.919,98.329,99.277,19,7,4,4,7,7,7,4,4,1,1,3.202,30.93,32.258,10,1,,,
7/5/19 2:18,7/5/19 2:19,0,,100,95,1,7/5/19 2:19,R_1Ebsrd4nufWSVj4,,,,,,,anonymous,EN,1,2,,1,,1,1,6,6,6,6,6,6,6,6,1,5,2.218,20.638,21.241,18,1,1,1,1,1,1,1,1,1,1,1,1,2.472,17.366,18.614,16,6,7,7,6,7,7,7,7,6,7,7,7,7,7,4.499,19.204,19.867,17,7,4,4,7,7,7,4,4,1,4,1.852,18.127,19.03,14,1,,,
7/5/19 2:17,7/5/19 2:19,0,,100,138,1,7/5/19 2:19,R_CfWrbpLvYYo0KWt,,,,,,,anonymous,EN,1,2,,2,,5,6,5,6,5,6,5,6,5,6,5,6,2.412,25.896,27.895,12,5,5,6,6,6,6,6,5,5,5,5,6,2.091,20.329,24.461,13,6,6,7,7,6,7,7,7,6,6,6,6,7,7,3.801,19.034,20.014,15,6,7,6,7,6,7,6,7,6,7,3.699,16.692,17.436,11,1,,,
7/5/19 2:14,7/5/19 2:20,0,,100,310,1,7/5/19 2:20,R_55qVkFHPftqugjT,,,,,,,anonymous,EN,1,1,,1,,3,3,4,5,4,6,3,3,6,6,6,6,17.144,70.528,71.494,17,6,5,2,2,3,1,2,3,2,3,1,2,25.159,68.535,69.325,17,7,7,6,7,7,7,7,4,6,7,7,7,7,7,10.142,73.23,74.46,20,7,4,7,7,7,7,7,7,1,4,32.601,56.703,57.982,15,1,,,
7/5/19 2:18,7/5/19 2:20,0,,100,138,1,7/5/19 2:20,R_3kmPxypbvvG7dtk,,,,,,,anonymous,EN,1,1,,1,,3,4,4,4,4,3,4,4,3,3,4,4,0,0,31.243,0,3,4,3,2,3,4,3,3,4,2,3,3,0,0,27.641,0,6,4,6,6,5,5,6,5,5,5,5,5,4,6,0,0,35.587,0,3,3,5,3,4,4,5,4,5,5,0,0,22.522,0,1,,,
7/5/19 2:15,7/5/19 2:21,0,,100,341,1,7/5/19 2:21,R_3MMVQvpk1i2phOs,,,,,,,anonymous,EN,1,1,,2,,6,5,6,5,6,5,6,5,6,5,6,5,8.656,40.008,42.178,12,5,5,6,5,5,6,5,6,5,6,6,6,9.434,21.003,23.014,13,1,2,2,1,3,,3,2,1,3,2,4,1,2,21.759,78.281,83.243,16,7,6,7,6,7,5,6,5,6,5,8.249,129.64,135.149,10,1,,,
7/5/19 2:15,7/5/19 2:21,0,,100,360,1,7/5/19 2:21,R_2Y2DKpPYlnjwzoG,,,,,,,anonymous,EN,1,1,,2,,5,3,5,6,5,4,4,5,6,5,6,6,4.309,63.817,66.758,22,2,2,1,1,1,1,1,2,1,1,1,1,7.168,90.311,91.987,24,6,4,4,5,4,7,6,7,6,5,6,5,7,5,4.423,63.872,66.089,28,6,5,5,5,5,5,5,5,2,5,2.182,55.524,57.39,25,1,,,
7/5/19 2:18,7/5/19 2:21,0,,100,195,1,7/5/19 2:21,R_1q2pjbxXpMpYLcH,,,,,,,anonymous,EN,1,1,,1,,6,2,5,3,5,4,6,5,3,3,5,6,0.993,8.84,12.843,16,3,3,3,6,3,6,6,3,6,1,4,5,0.657,22.841,27.51,14,4,7,6,7,4,5,5,6,2,4,5,6,5,2,96.18,118.028,118.543,19,7,4,5,7,4,2,4,7,6,4,0.901,10.789,11.799,11,2,,,
7/5/19 2:16,7/5/19 2:21,0,,100,337,1,7/5/19 2:21,R_2dQErNs5qGoGsxa,,,,,,,anonymous,EN,1,2,,1,,4,2,5,4,2,2,2,2,6,3,4,4,14.813,61.104,62.18,12,4,6,2,2,2,2,4,4,3,3,4,4,5.499,56,56.934,14,7,5,4,4,6,6,6,4,,6,3,7,6,7,16.806,53.4,54.365,17,4,5,3,4,4,3,5,5,4,5,15.706,50.393,51.126,12,1,,,
7/5/19 2:17,7/5/19 2:22,0,,100,279,1,7/5/19 2:22,R_1eqx0gD2qxOFmP2,,,,,,,anonymous,EN,1,2,,1,,4,2,3,2,4,5,3,4,4,4,4,3,8.926,38.26,39.433,26,3,4,3,4,5,3,6,4,3,4,4,5,6.866,79.637,80.601,24,5,6,4,5,5,5,3,6,6,7,4,5,6,5,18.03,71.048,72.337,24,5,7,7,5,4,3,5,5,3,5,1.28,41.138,42.178,22,1,,,
7/5/19 2:19,7/5/19 2:22,0,,100,153,1,7/5/19 2:22,R_30osGo6gpi0NQn2,,,,,,,anonymous,EN,1,1,,2,,4,5,4,5,4,5,5,6,6,5,5,4,1.418,10.547,12.013,12,5,5,5,4,5,4,6,3,4,4,5,6,1.345,8.219,10.113,12,7,6,6,5,6,6,6,5,5,7,5,6,6,5,8.084,17.252,18.198,14,5,6,5,5,6,7,7,6,5,6,1.335,7.841,8.826,10,2,,,
7/5/19 2:17,7/5/19 2:22,0,,100,295,1,7/5/19 2:22,R_2rjW3sXPGsMLMHK,,,,,,,anonymous,EN,1,1,,1,,3,4,4,4,5,4,4,4,4,5,4,4,146.092,168.04,168.802,12,4,4,3,2,3,4,2,3,3,3,2,3,3.762,34.257,35.09,12,5,3,6,3,5,4,6,4,5,6,5,5,3,5,4.811,32.79,33.622,16,2,6,6,2,3,2,6,6,6,6,11.43,32.254,35.335,13,1,,,
7/5/19 2:19,7/5/19 2:22,0,,100,212,1,7/5/19 2:22,R_2B2tvRJVG0d4kQH,,,,,,,anonymous,EN,1,1,,1,,5,4,4,3,4,5,4,4,5,5,6,5,9.997,50.297,51.14,22,3,4,2,2,2,3,3,3,2,2,3,3,1.026,49.179,49.896,22,6,6,6,5,7,7,7,7,7,5,6,6,7,6,6.321,48.54,48.593,21,6,7,7,5,5,5,7,7,2,6,4.943,35.726,36.611,16,1,,,
7/5/19 2:15,7/5/19 2:23,0,,100,457,1,7/5/19 2:23,R_31nQXgl71zyvErh,,,,,,,anonymous,EN,1,2,,4,,1,1,6,6,1,6,6,1,6,6,6,6,32.138,78.527,79.419,21,1,1,6,1,1,6,1,1,6,1,6,1,3.608,49.288,51.086,19,7,7,1,7,7,7,7,7,7,7,7,4,,7,5.64,77.489,78.707,21,7,7,7,7,7,7,7,4,1,7,15.404,104.323,105.078,15,1,,,
7/5/19 2:17,7/5/19 2:23,0,,100,372,1,7/5/19 2:23,R_32Xiz8jC5jFwMw5,,,,,,,anonymous,EN,1,2,,2,,4,5,4,5,4,4,5,4,5,4,5,4,5.015,55.699,76.024,12,4,4,4,4,5,4,4,5,4,5,5,5,6.853,61.19,80.168,12,5,4,4,5,5,5,5,5,4,5,5,6,6,6,7.577,43.2,110.612,14,5,6,6,5,6,6,5,6,5,5,6.115,19.131,52.984,10,2,,,
7/5/19 2:18,7/5/19 2:23,0,,100,298,1,7/5/19 2:23,R_2DYO2i98lQWDQs3,,,,,,,anonymous,EN,1,2,,1,,2,4,5,5,4,4,3,4,5,4,4,5,27.621,92.206,93.48,22,5,4,3,2,3,2,3,2,4,2,2,2,11.022,92.854,93.682,28,6,6,6,5,4,6,7,7,5,5,5,6,6,5,4.387,40.402,41.252,30,5,3,4,4,5,5,4,4,3,3,4.625,30.569,31.381,22,1,,,
7/5/19 2:19,7/5/19 2:23,0,,100,249,1,7/5/19 2:23,R_3Gk40Ha8jkcdsGZ,,,,,,,anonymous,EN,1,1,,4,,3,5,5,5,6,4,6,6,5,5,6,6,8.156,61.215,62.111,12,6,6,2,2,3,2,2,1,1,4,2,1,4.731,56.331,57.481,14,7,7,7,6,7,6,7,4,5,7,6,7,5,7,4.855,41.365,42.312,14,3,3,6,4,6,3,6,6,5,5,8.228,42.277,48.111,13,1,,,
7/5/19 2:19,7/5/19 2:23,0,,100,217,1,7/5/19 2:23,R_3MnRubRy6sf3PBW,,,,,,,anonymous,EN,1,1,,1,,2,1,4,2,2,2,1,2,2,2,1,1,0,0,29.118,0,6,5,6,6,6,6,6,6,6,6,6,6,0,0,23.433,0,2,2,2,1,1,1,1,1,1,2,1,1,1,2,0,0,35.523,0,1,7,7,1,1,1,7,7,7,7,0,0,12.196,0,1,,,
7/5/19 2:20,7/5/19 2:23,0,,100,181,1,7/5/19 2:23,R_Rq8dvesnE16HNlv,,,,,,,anonymous,EN,1,2,,2,,5,5,5,4,5,4,4,5,4,4,5,4,3.701,31.107,32.583,12,4,4,5,2,4,4,5,5,4,4,4,5,3.163,41.21,43.05,13,5,5,6,5,5,5,5,6,5,6,6,6,6,5,5.309,29.227,31.532,14,6,5,6,5,5,6,5,5,5,6,4.32,27.901,30.163,10,1,,,
7/5/19 2:20,7/5/19 2:24,0,,100,204,1,7/5/19 2:24,R_2DV2WglUQTyS9BO,,,,,,,anonymous,EN,1,1,,2,,3,5,4,4,3,5,4,3,4,5,2,4,2.5,21.519,44.018,14,3,3,3,4,3,5,4,4,5,4,4,5,3.229,13.644,57.721,12,6,4,5,4,5,7,6,7,6,5,6,5,6,5,1.497,13.843,38.5,14,6,5,7,6,6,4,5,6,3,5,1.933,30.836,32.543,11,1,,,
7/5/19 2:19,7/5/19 2:24,0,,100,260,1,7/5/19 2:24,R_1DopUlgvOLX6UVa,,,,,,,anonymous,EN,1,1,,6,,3,4,6,6,4,5,,5,6,6,6,6,50.851,102.053,103.105,11,2,1,1,2,1,1,1,1,1,1,2,2,5.706,52.867,54.156,12,7,6,5,6,7,6,6,6,7,7,7,7,7,6,7.124,37.218,38.584,15,5,5,4,5,6,6,6,6,5,6,8.754,30.972,32.183,10,1,,,
7/5/19 2:21,7/5/19 2:24,0,,100,170,1,7/5/19 2:24,R_3QXdEaYNwP9YdsN,,,,,,,anonymous,EN,1,1,,1,,3,3,4,4,3,4,2,2,4,4,5,4,2.148,37.376,39.147,4,5,5,5,5,3,3,4,5,3,3,3,3,0,0,44.509,0,4,2,3,3,4,4,4,5,3,6,4,3,2,4,0,0,33.273,0,2,5,3,1,3,1,3,5,6,5,0,0,24.633,0,1,,,
7/5/19 2:17,7/5/19 2:24,0,,100,431,1,7/5/19 2:24,R_3033hkZ1MgkAkMi,,,,,,,anonymous,EN,1,2,,1,,3,3,5,4,4,2,5,4,5,5,5,5,21.298,113.818,114.684,13,5,5,2,2,2,3,4,3,3,2,4,4,8.445,105.821,107.346,12,6,3,5,5,2,4,6,3,7,7,6,5,5,4,21.577,88.313,89.48,14,4,5,5,2,6,5,5,3,5,4,22.014,77.398,79.187,10,1,,,
7/5/19 2:17,7/5/19 2:24,0,,100,421,1,7/5/19 2:24,R_1DZFE3pXZtMJz4k,,,,,,,anonymous,EN,1,2,,1,,3,4,5,4,6,6,4,6,3,5,5,6,7.019,82.946,83.828,17,6,6,1,1,3,6,3,3,3,2,3,3,2.664,63.796,64.602,20,7,5,5,7,4,5,7,6,6,7,6,6,4,6,38.576,109.463,111.088,25,1,7,7,2,1,3,7,7,5,7,9.525,81.538,82.542,15,1,,,
7/5/19 2:22,7/5/19 2:25,0,,100,171,1,7/5/19 2:25,R_1omTY1uKcTyYgzB,,,,,,,anonymous,EN,1,1,,1,,4,3,5,5,4,4,4,4,4,4,4,4,5.659,41.539,42.195,15,1,6,2,1,1,3,2,3,3,3,4,3,4.675,40.318,41.546,15,5,1,3,5,3,5,3,3,6,5,3,2,1,5,3.196,36.296,36.569,18,1,7,7,1,1,1,7,7,7,7,3.625,18.677,19.701,10,1,,,
7/5/19 2:20,7/5/19 2:25,0,,100,303,1,7/5/19 2:25,R_8vNrrYYYhWSZJ0R,,,,,,,anonymous,EN,1,1,,1,,2,3,5,4,4,4,4,5,4,6,5,5,9.063,73.848,74.577,12,2,4,3,4,3,5,2,3,2,3,2,2,8.178,62.017,63.425,13,6,2,4,4,5,6,5,6,6,5,5,3,2,4,17.291,64.044,65.045,16,4,5,5,3,6,5,5,6,6,5,10.961,51.528,53.001,10,1,,,
7/5/19 2:17,7/5/19 2:25,0,,100,477,1,7/5/19 2:25,R_XtwvGUtRmu0Jn0J,,,,,,,anonymous,EN,1,2,,1,,2,2,4,3,4,5,5,3,4,4,3,5,1.529,192.114,192.636,31,1,1,2,2,1,3,2,2,1,3,2,2,1.456,91.525,92.167,26,4,6,4,6,6,6,6,5,6,6,5,6,6,5,11.744,106.951,108.127,40,4,4,3,4,4,5,5,4,3,4,1.52,56.422,57.084,20,1,,,
7/5/19 2:19,7/5/19 2:25,0,,100,379,1,7/5/19 2:25,R_2VeTHRhXoeoflwF,,,,,,,anonymous,EN,1,1,,2,,4,5,4,5,3,5,4,5,3,4,5,4,5.65,59.713,61.334,12,5,4,5,3,5,5,4,3,4,5,4,5,2.156,13.581,70.326,12,5,4,5,4,6,5,6,6,6,5,5,6,4,7,8.134,30.969,32.767,17,5,6,5,6,4,6,5,4,6,5,4.816,37.744,71.005,10,1,,,
7/5/19 2:18,7/5/19 2:25,0,,100,430,1,7/5/19 2:25,R_2QFlAssDMMA0g7h,,,,,,,anonymous,EN,1,1,,1,,5,4,3,4,5,4,4,3,3,4,5,5,1.86,12.156,13.078,16,6,4,5,6,4,5,6,5,5,4,6,5,1.793,18.401,18.935,17,6,6,6,7,6,6,6,5,5,6,5,5,5,6,6.782,20.254,22.594,16,5,4,5,5,6,7,6,7,6,6,339.484,350.428,351.989,12,2,,,
7/5/19 2:21,7/5/19 2:25,0,,100,272,1,7/5/19 2:25,R_1KxXlBK3tEhJqhf,,,,,,,anonymous,EN,1,1,,4,,3,3,4,3,4,5,4,4,5,4,4,4,6.069,56.676,57.391,24,2,3,3,3,2,2,2,2,3,2,2,2,8.209,74.995,76.482,25,6,6,6,6,6,6,6,6,6,6,5,6,6,6,5.531,35.865,36.547,25,6,2,2,6,6,6,2,2,1,2,3.341,67.626,68.711,27,1,,,
7/5/19 2:24,7/5/19 2:26,0,,100,85,1,7/5/19 2:26,R_2X7jfoJYuPAniQP,,,,,,,anonymous,EN,1,2,,1,,5,4,3,5,3,6,3,5,6,4,2,4,7.701,17.921,18.891,12,5,4,2,3,3,4,3,6,3,4,4,4,1.306,11.29,12.376,12,5,6,7,4,7,6,7,,4,3,3,5,4,4,2.904,14.401,15.1,14,5,4,3,5,4,5,4,5,4,5,3.158,12.197,14.083,10,1,,,
7/5/19 2:19,7/5/19 2:26,0,,100,396,1,7/5/19 2:26,R_x3JvHAGGHYlLe0h,,,,,,,anonymous,EN,1,1,,1,,2,3,4,4,3,4,4,3,5,5,4,3,31.755,80.085,81.3,12,5,5,3,4,4,5,2,3,4,4,4,3,13.615,88.653,89.923,13,5,4,7,6,6,4,5,4,7,5,5,3,4,7,9.749,62.496,64.436,14,3,5,6,5,4,5,5,6,4,5,35.715,88.884,91.209,10,1,,,
7/5/19 2:20,7/5/19 2:26,0,,100,373,1,7/5/19 2:26,R_BSwNbxRrpYVR3Sp,,,,,,,anonymous,EN,1,1,,4,,3,3,5,5,5,5,3,3,5,4,4,4,26.621,113.137,114.233,14,1,3,3,2,3,3,1,1,2,3,2,3,8.4,81.202,83.41,15,6,7,6,6,5,6,6,5,6,5,5,5,7,6,18.591,84.234,85.205,20,4,7,7,4,4,4,7,7,4,7,19.639,44.584,45.755,11,1,,,
7/5/19 2:21,7/5/19 2:26,0,,100,276,1,7/5/19 2:26,R_1hYY1tmQYXZiV4f,,,,,,,anonymous,EN,1,1,,2,,5,4,5,6,5,5,6,5,6,5,4,5,3.137,25.723,27.749,13,5,4,5,5,,4,4,5,4,5,3,,4.752,23.141,25.403,12,6,6,5,6,7,4,6,6,7,7,6,5,6,6,25.139,136.368,139.623,27,6,5,6,7,6,5,6,6,5,6,5.712,21.558,23.285,12,2,,,
7/5/19 2:22,7/5/19 2:26,0,,100,225,1,7/5/19 2:26,R_3ndZ52mxmGvQN4V,,,,,,,anonymous,EN,1,2,,1,,3,3,5,4,4,4,5,4,5,5,6,6,5.447,53.755,54.591,20,4,4,1,2,3,3,2,2,1,1,1,1,8.396,64.761,65.89,17,6,5,6,4,6,7,6,6,7,6,5,7,6,6,5.463,45.418,47.058,20,6,4,4,6,7,6,4,4,1,4,4.044,35.915,36.921,13,1,,,
7/5/19 2:23,7/5/19 2:26,0,,100,200,1,7/5/19 2:26,R_0JmiM9WpUZoPHsB,,,,,,,anonymous,EN,1,2,,3,,5,6,5,4,5,5,5,4,5,5,4,5,5.922,35.194,36.162,12,5,5,4,5,5,4,5,5,4,4,4,5,3.684,36.869,38.008,12,6,6,6,7,5,5,5,6,5,5,5,6,4,6,6.94,33.403,34.64,14,6,5,6,6,5,6,5,6,5,6,6.734,35.787,36.646,10,2,,,
7/5/19 2:22,7/5/19 2:26,0,,100,243,1,7/5/19 2:26,R_1Nh9Mdt7ETovkYC,,,,,,,anonymous,EN,1,1,,1,,3,4,4,3,4,4,3,3,4,3,3,4,6.033,41.953,44.188,18,3,4,4,1,3,4,4,4,3,4,3,3,4.806,45.713,56.82,16,5,3,4,4,4,3,4,4,4,4,5,5,4,4,4.573,33.762,35.816,19,4,5,4,4,5,6,4,5,1,2,12.953,55.586,60.352,17,1,,,
7/5/19 2:21,7/5/19 2:26,0,,100,342,1,7/5/19 2:26,R_2njUQjEgQ9i0tRn,,,,,,,anonymous,EN,1,1,,1,,6,6,6,6,6,6,6,6,6,6,6,6,18.984,82.546,83.433,12,4,6,1,1,6,2,1,2,2,1,1,2,9.386,80.658,81.403,16,7,7,7,7,7,7,7,7,7,7,7,7,7,7,17.123,48.372,49.805,16,7,7,7,7,7,7,7,7,7,7,5.877,24.028,24.8,10,1,,,
7/5/19 2:27,7/5/19 2:28,0,,100,69,1,7/5/19 2:28,R_pyZrPsqf7HzJpT3,,,,,,,anonymous,EN,1,2,,1,,5,3,5,3,4,4,5,6,4,2,4,3,1.246,13.73,14.447,15,3,5,4,4,3,5,5,5,2,4,5,3,1.138,9.047,9.611,12,5,4,4,6,5,4,7,4,5,5,5,7,6,3,1.209,12.92,14.001,14,5,4,5,4,6,4,6,4,6,5,2.019,7.771,8.515,10,1,,,
7/5/19 2:24,7/5/19 2:28,0,,100,228,1,7/5/19 2:28,R_3GxhzpSFXeHeZGB,,,,,,,anonymous,EN,1,2,,1,,4,3,3,2,2,2,3,2,2,3,3,2,3.835,34.084,36.202,12,3,3,3,3,3,4,3,2,3,3,3,3,14.653,89.038,93.44,15,4,3,4,4,3,4,3,4,4,3,3,4,4,4,1.97,34.221,37.359,19,3,3,3,3,2,3,3,3,2,4,3.662,37.296,39.691,12,1,,,
7/5/19 2:16,7/5/19 2:28,0,,100,689,1,7/5/19 2:28,R_3PSq6T1NhIX3eX6,,,,,,,anonymous,EN,1,1,,1,,5,5,6,5,6,4,3,3,6,5,6,5,77.413,105.466,106.371,8,6,5,1,1,2,1,1,1,2,3,2,5,170.082,199.962,201.437,8,1,6,7,6,7,1,7,7,3,5,6,2,7,6,83.1,109.169,110.035,11,7,7,6,7,6,6,6,5,1,5,151.894,167.174,168.385,14,1,,,
7/5/19 2:20,7/5/19 2:29,0,,100,502,1,7/5/19 2:29,R_2axlSelgrNKvheU,,,,,,,anonymous,EN,1,1,,1,,4,3,3,4,5,4,2,4,6,3,5,3,17.057,30.06,30.444,13,5,2,2,2,3,5,5,4,3,3,4,3,3.917,19.785,20.65,12,4,6,4,5,4,3,3,6,5,3,5,5,5,5,115.733,127.294,128.094,14,3,5,5,3,5,6,4,6,4,5,4.385,13.39,14.226,10,1,,,
7/5/19 2:27,7/5/19 2:29,0,,100,119,1,7/5/19 2:29,R_2cpEoLcutd2DjJq,,,,,,,anonymous,EN,1,1,,1,,6,6,6,5,2,6,4,6,6,4,3,1,1.236,11.836,15.028,22,1,2,2,1,6,6,1,1,6,5,1,3,1.841,26.543,27.436,25,6,5,1,2,1,4,1,2,1,5,1,3,5,1,2.401,10.546,14.127,17,7,7,7,6,7,6,6,6,1,1,3.683,23.304,24.478,24,1,,,
7/5/19 2:26,7/5/19 2:29,0,,100,149,1,7/5/19 2:29,R_1llAODLUKghIeew,,,,,,,anonymous,EN,1,1,,2,,4,5,3,4,2,5,3,4,5,2,3,4,2.996,17.019,18.385,12,3,3,2,4,4,5,2,3,5,2,1,4,18.303,40.082,41.075,12,5,3,4,4,4,3,4,2,3,6,5,6,6,2,4.234,27.899,28.847,14,5,6,3,5,6,3,4,3,6,5,5.613,19.331,20.63,10,1,,,
7/5/19 2:22,7/5/19 2:29,0,,100,439,1,7/5/19 2:29,R_1JL0SgyXliEcI67,,,,,,,anonymous,EN,1,1,,1,,1,4,3,4,3,5,4,5,5,5,4,5,14.527,78.279,79.589,12,1,1,1,2,2,2,1,2,1,2,1,2,6.132,61.772,63.257,14,5,6,5,6,5,,6,5,6,7,6,6,6,6,1.865,205.008,206.252,16,5,5,5,5,6,5,5,5,2,2,20.999,45.527,46.883,10,1,,,
7/5/19 2:23,7/5/19 2:30,0,,100,423,1,7/5/19 2:30,R_2uE5VM8LMHwiEIB,,,,,,,anonymous,EN,1,2,,2,,6,5,4,6,5,4,6,5,4,6,5,4,2.275,11.807,36.735,12,4,4,6,6,4,5,5,4,6,6,5,5,1.772,17.59,130.004,12,6,6,6,6,7,6,7,6,7,7,7,7,7,7,29.285,139.335,158.716,30,7,6,5,7,6,5,7,6,5,7,1.499,16.59,34.557,10,1,,,
7/5/19 2:28,7/5/19 2:30,0,,100,151,1,7/5/19 2:30,R_2X6A2G5ye17ipdy,,,,,,,anonymous,EN,1,2,,2,,3,5,6,4,5,6,4,6,5,4,6,5,4.838,22.677,24.407,12,5,4,6,3,6,5,4,5,6,4,6,4,9.228,29.395,30.936,13,6,6,7,6,7,5,6,7,5,6,5,7,5,7,14.827,34.131,36.033,14,5,7,6,7,5,4,6,7,6,5,9.929,23.533,25.61,10,1,,,
7/5/19 2:19,7/5/19 2:30,0,,100,690,1,7/5/19 2:30,R_2sTHi0Z6qmExp0v,,,,,,,anonymous,EN,1,1,,1,,4,4,5,4,5,5,4,5,5,5,3,4,9.423,57.419,58.811,14,2,2,2,1,2,1,1,1,1,3,1,2,12.584,372.426,373.335,12,6,2,7,6,6,6,7,6,6,5,7,6,3,6,10.3,212.829,214.218,14,3,6,6,2,5,3,7,6,4,6,3.192,18.272,19.274,10,1,,,
7/5/19 2:27,7/5/19 2:30,0,,100,211,1,7/5/19 2:30,R_3ly5puKpa2N4S0i,,,,,,,anonymous,EN,1,2,,3,,5,4,5,4,4,4,5,4,5,4,5,5,8.968,31.991,33.655,12,4,5,5,5,4,4,4,4,5,5,5,4,4.614,24.709,30.901,12,6,6,6,5,5,5,6,7,6,5,6,6,5,5,8.522,32.272,33.892,15,6,6,5,6,5,6,5,6,5,6,5.322,23.737,24.849,10,1,,,
7/5/19 2:21,7/5/19 2:30,0,,100,539,1,7/5/19 2:30,R_2SIzFydXUVqlN2H,,,,,,,anonymous,EN,1,1,,1,,3,3,5,4,4,6,6,5,5,5,6,4,0,0,11.595,0,5,3,3,6,6,4,2,3,3,3,4,6,0,0,7.335,0,5,7,6,4,7,7,7,7,5,4,5,4,7,7,0,0,8.103,0,6,7,5,4,4,6,4,6,2,4,0,0,8.983,0,1,,,
7/5/19 2:28,7/5/19 2:31,0,,100,193,1,7/5/19 2:31,R_9GrulbqZv33bGZX,,,,,,,anonymous,EN,1,1,,2,,5,4,3,4,3,4,3,4,4,3,4,5,1.734,15.19,16.38,12,3,4,5,4,4,2,3,3,5,4,3,3,3.29,37.299,39.968,27,6,6,7,7,7,6,6,7,4,4,7,7,,6,5.483,93.668,95.633,27,6,5,6,7,6,7,7,6,7,6,1.858,13.31,15.318,10,1,,,
7/5/19 2:27,7/5/19 2:32,0,,100,303,1,7/5/19 2:32,R_3MyZsUm9G03ed01,,,,,,,anonymous,EN,1,1,,2,,2,5,5,6,6,5,5,5,5,5,5,5,15.853,62.677,63.239,15,2,2,3,5,3,2,3,2,2,2,2,2,37.348,58.85,60.033,14,6,5,5,6,5,6,6,5,5,6,6,5,6,5,30.651,63.959,65.186,19,5,5,7,5,5,4,7,7,2,6,7.869,32.759,33.856,18,1,,,
7/5/19 2:28,7/5/19 2:32,0,,100,249,1,7/5/19 2:32,R_3g64HKwOFCMJM5o,,,,,,,anonymous,EN,1,2,,1,,6,4,5,6,6,5,4,5,6,5,4,5,51.723,62.836,64.601,13,4,5,5,6,5,6,6,6,4,5,4,5,1.518,10.905,12.994,12,6,5,5,6,6,6,5,6,6,7,7,6,5,7,36.256,45.903,46.912,14,7,6,7,5,6,7,6,5,5,6,1.414,9.52,10.56,11,1,,,
7/5/19 2:29,7/5/19 2:33,0,,100,210,1,7/5/19 2:33,R_3f0becjw8SwmF8Z,,,,,,,anonymous,EN,1,1,,1,,5,4,6,5,6,5,4,5,6,5,4,5,2.061,17.44,18.751,13,6,5,5,6,6,4,4,6,5,5,5,5,8.236,19.777,41.641,12,6,5,7,6,5,7,5,6,6,7,7,6,6,6,2.153,14.796,21.532,14,6,5,7,6,7,6,5,6,7,6,7.657,15.848,17.436,10,1,,,
7/5/19 2:25,7/5/19 2:33,0,,100,508,1,7/5/19 2:33,R_3POgAsFkkG1i2dI,,,,,,,anonymous,EN,1,1,,1,,5,5,3,3,5,5,4,4,3,5,4,5,446.263,453.119,453.343,180,2,2,4,4,3,3,3,3,3,2,4,5,2.557,8.726,10.471,187,7,4,2,7,5,1,7,3,1,1,6,6,6,1,0,0,6.114,0,6,6,7,7,5,6,7,6,1,7,1.676,13.05,14.849,114,1,,,
7/5/19 2:32,7/5/19 2:34,0,,100,82,1,7/5/19 2:34,R_vVsKfMj8d8T6rLj,,,,,,,anonymous,EN,1,2,,1,,6,5,4,5,6,5,4,5,6,5,4,6,1.437,12.795,14.082,13,5,6,5,5,6,5,6,5,4,6,4,4,2.457,20.937,22.148,14,7,5,6,7,5,7,6,6,6,6,7,6,6,5,2.536,11.996,12.912,17,7,6,5,6,7,6,7,5,7,6,2.581,8.023,9.563,10,2,,,
7/5/19 2:29,7/5/19 2:34,0,,100,297,1,7/5/19 2:34,R_2bO9qLwDQiE1GUl,,,,,,,anonymous,EN,1,1,,1,,4,3,5,4,5,4,4,5,3,4,5,4,4.243,30.789,37.035,12,5,4,3,4,5,5,5,3,4,4,4,3,38.697,64.394,67.31,12,7,6,5,6,6,7,7,7,6,7,6,6,6,7,8.67,61.588,67.877,14,6,7,5,6,7,6,7,5,5,6,7.35,50.075,52.564,11,1,,,
7/5/19 2:33,7/5/19 2:34,0,,100,67,1,7/5/19 2:34,R_6yOVmaSLrFNxaxj,,,,,,,anonymous,EN,1,1,,1,,6,5,4,5,6,5,4,5,6,5,6,5,1.176,9.093,9.929,12,5,5,5,6,6,5,5,6,4,4,6,5,1.501,9.907,10.759,12,7,7,7,6,6,6,7,5,5,6,6,6,5,6,1.052,11.247,12.852,16,7,6,5,6,7,6,5,6,7,6,1.086,7.519,9.104,10,1,,,
7/5/19 2:32,7/5/19 2:35,0,,100,180,1,7/5/19 2:35,R_1jNUAEZnIbGVrpM,,,,,,,anonymous,EN,1,1,,2,,5,5,4,6,5,4,5,4,6,5,5,4,5.283,16.712,18.838,12,5,6,5,5,5,5,5,4,4,5,6,6,3.072,28.893,31.471,13,6,4,5,5,6,6,7,5,,5,6,4,6,6,1.946,26.639,27.478,15,6,7,5,6,6,7,5,6,5,6,2.914,15.961,17.001,11,1,,,
7/5/19 2:33,7/5/19 2:35,0,,100,140,1,7/5/19 2:35,R_3mjJjGGjoXwXvc7,,,,,,,anonymous,EN,1,1,,1,,4,4,4,5,,5,4,5,6,5,4,5,12.126,23.093,24.58,14,5,4,5,5,4,5,4,5,6,6,6,5,7.312,14.411,18.646,12,6,7,6,6,6,6,5,5,6,7,6,7,5,5,28.726,40.687,42.021,16,5,6,5,6,7,6,5,6,7,6,10.813,18.532,19.926,10,1,,,
7/5/19 2:34,7/5/19 2:36,0,,100,141,1,7/5/19 2:36,R_3iwpXzVbjDNh2aJ,,,,,,,anonymous,EN,1,2,,1,,6,5,4,6,5,4,5,6,4,5,6,4,3.153,14.184,15.667,12,6,5,5,6,6,6,4,5,5,5,6,4,2.2,27.698,28.614,13,6,7,7,7,6,5,6,6,5,7,5,7,6,7,12.552,26.76,27.992,14,6,7,6,5,7,7,6,6,7,5,4.621,14.098,15.31,11,1,,,
7/5/19 2:35,7/5/19 2:37,0,,100,159,1,7/5/19 2:37,R_2ffXdXlCiEiMF1A,,,,,,,anonymous,EN,1,1,,1,,5,4,6,4,5,4,6,4,5,3,5,4,2.882,25.198,27.373,12,6,4,4,5,5,3,3,4,4,4,5,5,2.67,20.957,23.239,12,6,6,5,2,5,5,5,5,5,6,6,6,5,5,2.3,23.598,38.118,9,6,4,6,5,3,6,4,6,5,4,9.977,23.834,27.387,11,1,,,
7/5/19 2:36,7/5/19 2:37,0,,100,96,1,7/5/19 2:37,R_3EfZ7jBf1J7xr09,,,,,,,anonymous,EN,1,2,,1,,4,5,4,5,6,5,4,5,6,5,6,5,6.675,16.963,18.505,13,6,5,6,4,5,5,5,5,4,5,6,6,7.797,16.901,18.096,13,5,5,6,6,6,6,6,7,5,7,7,6,6,5,8.301,20.012,21.735,16,5,6,5,6,7,5,6,7,5,6,5.775,13.796,15.679,13,2,,,
7/5/19 2:37,7/5/19 2:38,0,,100,26,1,7/5/19 2:38,R_1H1T2aAd7GXaBDI,,,,,,,anonymous,EN,1,1,,5,,5,2,4,6,3,6,6,2,4,2,5,1,0,0,1.637,0,5,2,5,4,2,3,1,6,6,2,4,6,0,0,1.388,0,3,5,1,5,1,2,1,4,1,5,1,1,1,7,0,0,2.588,0,4,7,2,2,1,7,3,1,5,2,0,0,0.201,0,2,,,
7/5/19 2:38,7/5/19 2:39,0,,100,29,1,7/5/19 2:39,R_3GfutXpwXSRZ7LD,,,,,,,anonymous,EN,1,1,,2,,6,3,1,1,1,5,5,1,1,3,1,1,0,0,4.741,0,3,6,2,4,6,2,6,6,1,2,1,4,0.997,0.997,1.181,1,1,1,7,1,1,1,3,3,2,5,1,4,5,1,0.915,0.915,5.321,1,3,3,1,6,5,1,2,3,1,1,4.017,4.872,5.209,2,1,,,
7/5/19 2:36,7/5/19 2:39,0,,100,200,1,7/5/19 2:39,R_2cCPQXpqGQr7XEq,,,,,,,anonymous,EN,1,2,,2,,3,4,3,4,5,3,4,4,3,4,4,3,3.932,21.421,35.293,12,5,4,4,4,4,4,4,4,5,3,2,5,3.935,19.067,22.2,12,5,6,5,4,5,6,4,4,7,4,4,6,5,4,7.129,45.097,46.14,15,5,5,4,5,4,6,4,4,5,5,4.52,19.298,21.11,10,2,,,
7/5/19 2:35,7/5/19 2:41,0,,100,381,1,7/5/19 2:41,R_1K7PWLRR6HUTkQ0,,,,,,,anonymous,EN,1,2,,1,,6,6,6,6,6,6,6,6,6,6,6,6,0.764,35.104,36.418,29,3,1,1,1,1,2,6,6,4,1,4,6,234.776,281.729,282.366,57,6,5,6,6,6,6,6,7,7,7,6,7,7,6,1.231,23.008,23.349,40,7,7,7,7,7,7,7,7,1,7,1.729,10.712,11.139,32,1,,,
7/5/19 2:40,7/5/19 2:42,0,,100,120,1,7/5/19 2:42,R_10HtCHxVJHawGi1,,,,,,,anonymous,EN,1,2,,2,,5,6,5,6,5,6,5,6,5,6,5,6,5.547,18.001,20.332,13,5,6,6,5,5,6,5,6,6,5,5,5,2.371,22.323,26.275,13,6,6,,7,6,7,6,6,7,6,6,6,7,7,8.614,31.631,31.999,16,5,6,6,7,6,7,6,7,6,6,2.315,16.725,18.312,13,1,,,
7/5/19 2:24,7/5/19 2:42,0,,100,1077,1,7/5/19 2:42,R_eflsGbu4UQDpKXT,,,,,,,anonymous,EN,1,2,,2,,5,4,6,6,6,5,5,5,6,6,6,6,41.519,132.303,142.392,21,6,6,1,1,2,1,2,1,1,1,1,1,8.057,67.505,68.402,16,6,7,7,7,6,7,6,7,7,6,7,6,7,6,6.035,212.236,212.786,21,7,4,7,7,7,7,7,4,1,4,139.719,490.118,493.371,57,1,,,
7/5/19 2:16,7/5/19 2:42,0,,100,1547,1,7/5/19 2:42,R_1kLbUXjKH9lXXay,,,,,,,anonymous,EN,1,2,,2,,2,4,4,5,4,4,4,3,5,5,4,5,1.581,134.949,135.953,13,4,3,2,2,3,4,2,2,2,5,2,2,42.391,100.901,102.03,15,6,5,5,6,3,6,4,6,5,5,5,5,6,5,22.279,123.294,124.948,15,6,6,6,5,4,5,5,6,4,6,13.563,65.917,67.315,14,1,,,
7/5/19 2:39,7/5/19 2:44,0,,100,295,1,7/5/19 2:44,R_1n8fsVquq001sHD,,,,,,,anonymous,EN,1,1,,1,,3,3,5,5,4,4,3,3,5,5,4,4,7.186,77.831,79.287,39,3,3,2,2,2,1,3,3,2,2,3,2,5.556,62.625,65.691,26,5,3,3,4,4,4,5,5,4,6,4,3,5,5,3.039,53.481,54.643,21,6,5,5,6,6,5,5,4,2,5,6.316,64.437,65.439,26,1,,,
7/5/19 2:37,7/5/19 2:44,0,,100,417,1,7/5/19 2:44,R_4NLahUu6x3lZxHH,,,,,,,anonymous,EN,1,1,,2,,1,1,5,2,5,6,5,2,5,5,6,5,5.804,52.895,65.748,16,5,4,2,5,5,2,2,5,2,5,1,2,2.008,45.739,74.266,13,6,7,6,6,6,7,1,7,7,7,5,6,6,1,10.827,71.775,83.765,16,6,6,7,5,6,6,7,5,7,6,7.626,28.3,54.976,11,1,,,
7/5/19 2:40,7/5/19 2:44,0,,100,224,1,7/5/19 2:44,R_1EZpu9FbUn9SabL,,,,,,,anonymous,EN,1,2,,1,,4,1,2,2,5,1,4,,1,1,4,5,8.483,49.133,50.667,14,6,3,1,1,1,1,2,1,1,1,1,1,2.52,50.707,59.695,14,7,1,7,4,7,5,6,3,3,5,6,4,2,7,9.467,69.193,69.864,14,1,1,1,1,4,1,1,1,7,1,3.771,18.674,20.012,10,1,,,
7/5/19 2:37,7/5/19 2:45,0,,100,469,1,7/5/19 2:45,R_2feOFhzdeuHVuXr,,,,,,,anonymous,EN,1,1,,1,,2,3,5,5,4,5,4,4,5,5,5,4,10.615,66.028,66.752,12,4,3,1,1,1,1,2,2,2,1,1,1,5.445,48.475,49.206,13,7,5,6,6,6,7,5,5,6,6,6,6,6,7,11.338,45.472,46.039,14,6,3,3,5,5,6,3,3,1,3,5.585,34.517,35.33,10,1,,,
7/5/19 2:42,7/5/19 2:46,0,,100,219,1,7/5/19 2:46,R_aa5Fmoeq0481lNT,,,,,,,anonymous,EN,1,1,,2,,4,5,6,5,4,5,6,5,4,5,6,5,4.769,35.482,38.103,13,3,4,5,6,4,6,4,6,5,4,5,3,10.192,42.582,43.504,12,6,7,5,5,6,5,7,5,7,6,6,6,6,6,3.761,25.333,26.678,14,5,6,7,6,5,6,7,6,5,6,7.221,31.452,33.562,11,1,,,
7/5/19 2:47,7/5/19 2:48,0,,100,60,1,7/5/19 2:48,R_3dHfOZSGokHnYuM,,,,,,,anonymous,EN,1,2,,1,,3,3,3,3,6,4,2,3,3,5,4,2,0.558,7.693,8.626,12,5,5,4,5,4,4,4,3,3,3,4,4,0.645,9.026,9.827,12,5,6,4,6,5,4,3,4,3,5,3,4,3,4,1.197,12.398,13.416,16,2,6,5,4,3,7,5,4,7,5,0.953,8.968,9.768,11,1,,,
7/5/19 2:48,7/5/19 2:50,0,,100,118,1,7/5/19 2:50,R_2TpyLKaWQNCdGvA,,,,,,,anonymous,EN,1,1,,1,,4,5,4,3,4,3,4,5,5,4,4,5,1.531,11.473,14.081,12,3,4,2,1,3,4,4,4,3,4,3,3,5.966,27.253,40.71,12,5,4,7,5,5,5,3,4,4,5,4,4,4,5,6.658,17.335,25.969,15,3,5,4,3,3,4,5,4,4,5,8.597,14.638,16.056,10,1,,,
7/5/19 2:45,7/5/19 2:50,0,,100,309,1,7/5/19 2:50,R_3rTfPagKTLZmpt7,,,,,,,anonymous,EN,1,2,,1,,2,4,4,3,4,3,2,2,3,2,2,3,8.745,93.349,93.9,38,4,3,3,3,5,4,6,6,4,3,6,5,2.005,53.063,53.723,23,3,3,3,2,3,4,6,4,6,4,2,4,2,3,3.035,70.318,72.002,24,2,7,4,2,2,2,4,5,,,2.269,32.12,34.096,11,1,,,
7/5/19 2:47,7/5/19 2:50,0,,100,170,1,7/5/19 2:50,R_3sp5oeOSwjLvxtt,,,,,,,anonymous,EN,1,1,,2,,3,3,4,3,4,3,4,4,2,2,3,3,0,0,45.296,0,4,2,1,1,3,3,3,2,4,3,2,2,0,0,31.202,0,5,1,2,2,1,5,3,2,2,2,5,3,1,5,0,0,39.105,0,5,5,5,1,1,1,5,5,7,5,6.38,6.38,38.028,1,1,,,
7/5/19 2:48,7/5/19 2:50,0,,100,150,1,7/5/19 2:50,R_3NXlQkGDWv7eFW4,,,,,,,anonymous,EN,1,2,,2,,6,6,6,6,6,6,6,6,6,6,6,6,3.314,30.802,33.928,18,6,6,6,6,1,6,6,6,6,6,1,6,3.783,41.543,42.213,21,7,7,7,7,7,7,7,7,7,7,7,7,7,7,2.563,21.95,22.938,18,7,7,7,7,7,7,1,1,1,7,3.674,21.505,22.116,20,1,,,
7/5/19 2:45,7/5/19 2:51,0,,100,312,1,7/5/19 2:51,R_3e8gwdb1wFjBJ2H,,,,,,,anonymous,EN,1,1,,1,,3,4,5,4,4,2,3,3,3,2,4,4,21.106,111.18,111.904,12,2,2,2,2,1,3,3,2,2,1,1,2,9.77,76.009,76.903,12,5,5,5,4,5,4,5,5,5,7,4,6,6,6,5.617,54.669,56.041,14,4,5,4,5,6,6,4,4,3,4,8.771,38.372,39.925,10,1,,,
7/5/19 2:46,7/5/19 2:51,0,,100,316,1,7/5/19 2:51,R_27lMO5hzeUYF0nc,,,,,,,anonymous,EN,1,2,,4,,4,3,3,3,3,3,3,4,4,3,4,5,14.3,64.132,65.988,48,5,2,6,3,5,4,3,3,2,1,2,3,6.32,67.262,69.132,26,7,7,7,4,7,7,7,7,7,7,7,7,7,6,21.132,70.934,71.907,120,7,7,7,7,7,7,4,7,1,3,12.21,37.954,39.401,60,1,,,
7/5/19 2:49,7/5/19 2:52,0,,100,174,1,7/5/19 2:52,R_3isSTqfjgNIOOP9,,,,,,,anonymous,EN,1,2,,1,,4,3,6,6,5,5,6,5,6,6,5,6,5.666,31.95,33.91,24,3,2,2,2,1,1,2,1,1,2,1,1,2.784,36.65,38.637,30,5,3,5,7,5,7,5,7,6,5,4,5,3,6,3.301,25.102,27.765,16,2,5,7,1,4,2,5,5,7,5,2.869,21.042,29.626,18,1,,,
7/5/19 2:45,7/5/19 2:52,0,,100,408,1,7/5/19 2:52,R_3kO4vTGjIfkPUst,,,,,,,anonymous,EN,1,1,,1,,6,6,4,,5,5,3,2,6,5,6,6,14.285,132.408,132.416,22,5,4,3,2,1,4,6,6,5,4,5,5,6.333,92.216,93.422,18,4,4,5,5,6,7,5,4,7,4,5,4,7,6,7.319,34.66,36.421,17,7,6,7,7,6,5,7,6,1,5,3.407,51.121,51.621,15,1,,,
7/5/19 2:52,7/5/19 2:55,0,,100,164,1,7/5/19 2:55,R_26mBuLpld8RjZd8,,,,,,,anonymous,EN,1,2,,1,,1,1,1,1,1,1,1,1,1,1,1,1,8.381,26.212,27.492,12,1,1,1,1,1,1,1,1,1,1,1,1,5.099,25.841,27.094,12,4,7,4,4,4,4,4,4,7,7,4,4,7,4,8.595,39.697,40.833,16,7,4,4,7,7,7,4,4,1,1,6.155,24.576,26.179,11,1,,,
7/5/19 2:54,7/5/19 2:55,0,,100,91,1,7/5/19 2:55,R_TtRhYTo0yiQGn7z,,,,,,,anonymous,EN,1,1,,1,,4,5,5,4,5,5,4,4,5,4,4,5,1.134,14.095,14.787,17,4,5,3,3,5,4,5,4,4,5,5,4,2.672,14.343,15.351,14,6,5,6,6,5,4,5,5,4,4,6,5,5,5,1.086,14.358,15.094,18,5,5,4,5,5,6,6,5,6,6,0.871,12.863,13.788,13,1,,,
7/5/19 2:49,7/5/19 2:55,0,,100,375,1,7/5/19 2:55,R_2SkP9181BB2PKVh,,,,,,,anonymous,EN,1,2,,1,,4,5,5,4,5,5,5,5,5,5,6,6,11.536,50.257,51.557,16,5,5,3,6,2,5,2,6,3,2,3,6,13.221,48.409,51.526,6,5,6,5,5,4,6,4,5,5,4,5,6,6,5,94.315,132.885,133.581,17,6,5,7,5,5,5,6,6,2,5,16.33,38.297,39.851,12,1,,,
7/5/19 2:54,7/5/19 2:56,0,,100,135,1,7/5/19 2:56,R_VKAADKN81QGuQO5,,,,,,,anonymous,EN,1,2,,1,,2,2,3,2,2,1,2,2,3,4,4,3,4.183,30.547,31.23,12,5,5,2,1,3,3,5,5,1,2,5,4,4.301,30.326,31.076,13,3,2,2,2,2,4,5,5,5,2,2,3,5,2,6.182,30.002,30.706,15,4,5,4,4,6,4,3,3,4,4,3.043,20.781,21.505,12,1,,,
7/5/19 2:50,7/5/19 2:57,0,,100,401,1,7/5/19 2:57,R_2dsel2C8o4PeTmp,,,,,,,anonymous,EN,1,2,,2,,3,2,4,4,2,2,1,1,3,4,5,3,9.38,97.767,118.087,15,2,3,4,4,3,3,5,5,2,2,4,4,5.557,92.18,94.296,15,6,2,5,4,7,7,7,6,4,4,5,5,4,5,20.15,73.734,75.315,17,4,5,5,2,3,3,4,4,5,5,11.419,53.973,70.948,11,1,,,
7/5/19 2:55,7/5/19 2:57,0,,100,94,1,7/5/19 2:57,R_3iVxe5HPQbsqgoM,,,,,,,anonymous,EN,1,1,,1,,5,4,3,4,5,4,5,4,5,5,4,4,2.333,19.942,20.884,14,5,3,3,4,5,5,5,4,5,4,4,4,0.886,15.845,16.582,16,5,4,6,5,6,6,6,5,6,6,6,5,6,5,7.147,24.37,25.294,17,5,6,6,6,7,6,6,6,5,6,1.362,12.163,12.996,13,1,,,
7/5/19 2:55,7/5/19 2:57,0,,100,113,1,7/5/19 2:57,R_3kjGR2XsTROHmAC,,,,,,,anonymous,EN,1,1,,4,,5,4,4,4,4,4,4,4,4,4,4,4,4.309,25.02,27.036,12,3,3,2,1,2,2,2,1,1,1,2,1,3.156,32.956,33.698,15,5,5,5,5,5,5,5,5,5,5,5,5,5,5,2.734,22.726,23.18,15,6,3,3,6,6,5,4,5,2,3,2.057,15.945,16.272,11,1,,,
7/5/19 2:50,7/5/19 2:57,0,,100,423,1,7/5/19 2:57,R_1Qsmz5plJjzIcCm,,,,,,,anonymous,EN,1,1,,1,,3,4,5,5,4,5,5,4,5,5,5,5,11.267,75.058,76.254,21,4,4,1,1,1,1,2,2,1,1,1,1,7.907,131.171,132.355,19,6,6,6,4,6,7,6,7,6,6,6,6,6,6,4.987,126.378,127.481,25,6,4,4,4,6,4,4,4,3,4,8.298,57.201,58.445,16,1,,,
7/5/19 2:51,7/5/19 2:57,0,,100,384,1,7/5/19 2:57,R_2vbRWKU75ccv0Sz,,,,,,,anonymous,EN,1,1,,1,,3,2,4,4,3,4,5,4,4,5,4,4,192.695,230.346,231.734,16,4,3,3,3,3,3,2,2,2,2,3,2,5.449,48.804,49.79,14,6,7,5,7,6,7,6,6,7,5,6,6,6,6,6.764,41.998,43.036,14,6,7,7,5,5,5,7,7,2,6,4.203,29.774,32.412,11,1,,,
7/5/19 2:52,7/5/19 2:58,0,,100,370,1,7/5/19 2:58,R_1IsiiF1HUgX5lGi,,,,,,,anonymous,EN,1,2,,1,,3,1,5,6,2,3,1,2,5,3,2,3,6.726,92.82,93.168,17,3,2,1,1,2,5,2,2,5,4,6,2,19.819,45.556,46.828,14,6,6,4,7,7,7,4,7,7,5,5,5,7,6,50.719,90.679,91.595,15,7,5,7,7,7,6,4,5,1,5,24.189,54.055,54.682,11,1,,,
7/5/19 2:54,7/5/19 2:58,0,,100,257,1,7/5/19 2:58,R_1j6ubar6sQEp8ZO,,,,,,,anonymous,EN,1,1,,1,,3,3,6,6,6,6,6,6,6,6,6,6,27.12,70.803,71.513,12,4,2,2,2,1,3,1,3,1,1,1,1,7.649,64.11,64.954,12,7,6,7,7,7,7,6,7,6,7,7,7,6,7,10.452,44.737,45.62,19,6,5,5,6,5,5,5,5,1,5,11.842,38.746,39.304,10,1,,,
7/5/19 2:51,7/5/19 2:59,0,,100,511,1,7/5/19 2:59,R_2OHYtj8R086kfGj,,,,,,,anonymous,EN,1,2,,1,,1,1,4,3,3,4,4,2,4,4,5,4,17.09,147.864,149.852,16,6,6,2,3,4,4,4,4,3,4,1,2,9.151,91.726,93.88,12,5,7,3,3,2,6,7,6,6,6,3,7,7,5,32.369,113.377,116.006,16,6,3,2,7,7,7,2,1,1,1,16.883,82.314,83.86,10,1,,,
7/5/19 2:57,7/5/19 3:04,0,,100,395,1,7/5/19 3:04,R_1g6FofezIqLTCY2,,,,,,,anonymous,EN,1,1,,1,,3,3,5,5,5,5,5,5,5,5,6,6,6.085,38.088,40.317,13,4,4,2,1,2,2,1,1,1,2,1,1,5.654,45.327,46.601,15,7,6,6,6,7,7,7,7,7,7,7,7,6,7,2.361,29.698,30.399,14,5,5,6,5,5,5,6,5,3,4,226.286,250.608,253.538,13,1,,,
7/5/19 2:56,7/5/19 3:04,0,,100,451,1,7/5/19 3:04,R_29ol4FuBW52z9JE,,,,,,,anonymous,EN,1,1,,4,,3,4,5,5,4,4,4,5,4,,4,4,25.718,46.473,49.816,15,5,4,3,2,3,4,2,5,4,5,2,2,15.606,109.264,110.36,21,5,4,5,7,4,6,4,7,7,5,5,4,5,5,3.285,126.324,127.183,20,4,6,4,4,4,4,4,4,4,4,89.044,105.38,106.028,15,1,,,
7/5/19 2:58,7/5/19 3:05,0,,100,379,1,7/5/19 3:05,R_3g8jWh3wVAGdQT4,,,,,,,anonymous,EN,1,1,,1,,1,1,5,5,5,2,5,5,5,5,5,5,10.981,74.941,75.794,13,5,5,2,2,2,2,2,3,2,2,2,2,8.235,84.172,87.08,14,6,4,6,2,5,6,6,6,6,6,3,6,6,4,5.952,62.929,63.987,19,6,4,4,6,6,6,4,4,2,2,3.292,45.205,47.8,11,1,,,
7/5/19 2:59,7/5/19 3:05,0,,100,336,1,7/5/19 3:05,R_129F4E9zhYoQiax,,,,,,,anonymous,EN,1,2,,1,,4,4,4,4,6,4,3,3,3,3,2,3,14.604,67.081,68.274,14,3,2,3,3,1,3,3,2,2,3,3,4,9.654,63.793,64.814,12,6,5,5,5,5,4,7,2,3,6,3,7,5,5,10.812,69.964,71.242,19,5,7,6,2,4,2,4,7,4,7,14.854,48.409,49.321,11,1,,,
7/5/19 3:03,7/5/19 3:08,0,,100,287,1,7/5/19 3:08,R_T4WHXgeg33ozC49,,,,,,,anonymous,EN,1,2,,6,,2,3,5,5,3,3,1,1,5,4,3,3,16.137,67.424,68.532,13,4,4,3,3,4,5,5,6,2,2,4,4,6.909,41.794,43.246,12,5,4,4,1,5,5,3,5,5,4,3,6,3,4,7.655,77.932,79.062,18,2,7,6,1,2,1,7,6,7,7,30.369,53.137,54.433,10,1,,,
7/5/19 3:04,7/5/19 3:08,0,,100,200,1,7/5/19 3:08,R_1HbrVF1w12s76sp,,,,,,,anonymous,EN,1,2,,1,,5,3,5,5,6,6,2,2,5,5,5,5,6.006,52.894,53.573,14,4,5,3,3,5,5,4,5,4,5,3,4,14.388,53.086,54.526,12,5,4,3,3,3,6,6,4,6,4,5,6,4,3,5.039,42.509,43.134,14,5,7,7,5,5,5,7,7,4,6,5.066,26.91,27.522,10,1,,,
7/5/19 3:07,7/5/19 3:09,0,,100,110,1,7/5/19 3:09,R_1meH27x5mhv3up9,,,,,,,anonymous,EN,1,1,,2,,3,4,5,6,5,4,3,4,3,4,5,5,1.818,13.218,15.026,12,5,5,4,5,5,4,5,3,4,4,4,5,2.219,19.243,20.596,12,7,6,,5,6,6,3,6,5,5,7,5,7,6,3.904,15.266,16.511,13,3,5,4,3,5,6,5,4,6,7,5.083,17.02,18.792,11,1,,,
7/5/19 3:05,7/5/19 3:11,0,,100,364,1,7/5/19 3:11,R_1dt6uh9R9Y2G9TJ,,,,,,,anonymous,EN,1,1,,1,,5,3,4,4,5,4,4,5,5,4,5,5,8.585,64.744,114.962,7,4,4,1,1,3,2,1,2,2,1,2,2,0,0,83.447,0,6,7,5,6,5,6,7,7,6,6,6,7,7,7,0,0,73.615,0,4,5,5,4,5,4,5,5,1,5,48.705,52.382,54.39,2,1,,,
7/5/19 2:54,7/5/19 3:11,0,,100,1065,1,7/5/19 3:11,R_3I78D2lEnfKG9MJ,,,,,,,anonymous,EN,1,1,,1,,2,3,5,5,5,5,4,4,6,5,5,5,0,0,167.153,0,4,3,2,2,1,1,1,2,2,2,2,2,0,0,145.428,0,6,6,6,7,6,6,4,6,6,5,6,6,6,6,0,0,199.386,0,5,6,6,5,5,5,6,6,3,6,0,0,20.379,0,1,,,
7/5/19 3:05,7/5/19 3:13,0,,100,482,1,7/5/19 3:13,R_2Ray9UHAPXDT4Oc,,,,,,,anonymous,EN,1,2,,1,,6,2,4,4,4,5,2,2,3,3,4,4,8.175,81.731,83.271,16,2,3,3,3,3,3,6,6,3,2,6,5,8.252,95.514,97.532,19,5,6,3,4,5,6,7,6,6,4,5,7,6,5,19.334,96.599,97.838,19,6,4,4,5,6,5,4,4,3,4,17.245,66.036,67.135,15,1,,,
7/5/19 3:11,7/5/19 3:14,0,,100,202,1,7/5/19 3:14,R_1pYb747fcUC4GNH,,,,,,,anonymous,EN,1,1,,4,,3,4,4,4,4,4,4,5,4,4,4,4,8.73,43.897,45.441,12,4,4,4,3,3,3,2,2,2,3,2,4,7.029,59.485,60.706,13,6,3,6,6,5,5,6,6,5,5,6,7,6,6,8.446,43.455,44.524,17,3,7,6,3,4,5,7,6,5,6,8.534,31.667,32.823,11,1,,,
7/5/19 3:12,7/5/19 3:14,0,,100,114,1,7/5/19 3:14,R_XgCvpGuVaOqXnep,,,,,,,anonymous,EN,1,1,,1,,2,5,3,2,5,4,2,2,5,4,2,2,1.175,10.351,11.304,12,5,4,2,2,6,3,2,3,2,2,2,6,0.753,22.904,23.914,15,5,4,3,6,7,4,3,7,7,3,2,3,4,5,0.869,13.305,14.12,15,2,5,3,6,5,3,3,3,6,5,1.064,10.591,10.655,14,1,,,
7/5/19 3:12,7/5/19 3:14,0,,100,154,1,7/5/19 3:14,R_2OOr9jlDfFt6w4M,,,,,,,anonymous,EN,1,2,,1,,5,4,2,5,4,6,5,4,3,5,4,4,2.594,15.835,45.813,12,4,4,4,1,5,4,3,2,4,2,3,3,2.258,18.478,37.245,13,7,6,5,6,5,7,4,6,6,7,6,6,6,3,3.239,18.734,20.062,14,6,7,6,7,5,6,7,6,3,2,3.227,21.389,22.476,12,1,,,
7/5/19 3:10,7/5/19 3:14,0,,100,234,1,7/5/19 3:14,R_2z7t7JKTdxFzibZ,,,,,,,anonymous,EN,1,1,,1,,2,4,4,4,3,3,3,3,4,4,4,5,4.591,54.641,55.825,24,5,5,3,3,4,4,3,3,3,3,2,3,3.991,56.827,57.933,24,6,6,5,5,6,6,6,5,5,6,6,6,7,6,3.342,40.51,41.959,28,6,5,3,5,5,5,4,3,3,4,4.993,36.901,38.238,18,1,,,
7/5/19 3:06,7/5/19 3:17,0,,100,701,1,7/5/19 3:17,R_3lXhp3ZR0U6hm1U,,,,,,,anonymous,EN,1,1,,2,,5,4,5,4,5,4,2,5,5,4,,5,44.35,57.654,67.065,12,2,3,3,4,5,5,4,6,3,3,3,6,76.083,76.083,80.896,1,5,4,6,3,5,5,4,4,3,5,5,5,5,5,185.663,190.185,199.939,6,5,6,6,4,5,4,2,5,1,5,221.809,237.552,241.271,6,1,,,
7/5/19 3:14,7/5/19 3:23,0,,100,531,1,7/5/19 3:23,R_1ovzrrccqrwA2Y2,,,,,,,anonymous,EN,1,1,,1,,4,3,5,5,,2,5,5,5,3,5,5,95.221,148.764,149.064,16,1,3,2,2,1,1,1,1,1,2,1,2,1.499,191.307,194.047,19,6,5,6,6,7,6,6,7,6,7,7,7,6,6,3.232,122.748,123.265,21,6,3,2,6,6,5,2,2,2,2,2.08,21.149,22.49,17,1,,,
7/5/19 3:21,7/5/19 3:24,0,,100,198,1,7/5/19 3:24,R_3mzjO8JzcSiE3rH,,,,,,,anonymous,EN,1,2,,1,,2,3,5,4,3,4,2,2,3,5,5,5,7.976,46.308,47.84,18,4,5,2,1,5,5,4,5,2,3,4,4,3.562,53.448,54.632,19,6,5,5,7,5,6,5,7,6,6,3,5,5,6,3.475,48.417,49.159,18,5,5,5,6,5,5,5,5,3,5,3.566,25.105,26.91,12,1,,,
7/5/19 3:23,7/5/19 3:25,0,,100,149,1,7/5/19 3:25,R_3fx8VUIH2U4TeLS,,,,,,,anonymous,EN,1,1,,1,,2,4,5,5,5,5,5,5,4,4,5,5,15.662,48.461,49.209,20,2,1,1,1,1,1,1,1,1,1,1,1,2.079,25.989,26.737,13,7,6,6,7,7,7,7,6,7,7,7,7,6,7,1.61,22.874,23.341,18,5,4,4,5,5,5,4,4,2,4,2.6,29.591,30.123,12,1,,,
7/5/19 3:22,7/5/19 3:25,0,,100,192,1,7/5/19 3:25,R_3lrg2tikYdQ1Sy7,,,,,,,anonymous,EN,1,1,,2,,3,5,5,6,4,5,5,5,4,3,5,4,3.535,21.073,22.51,12,4,3,4,4,4,3,2,1,3,3,2,3,2.818,21.608,31.624,15,4,6,7,3,5,5,5,6,4,5,6,6,7,5,19.083,39.549,40.534,14,6,5,4,5,6,6,5,6,5,6,10.308,38.6,40.474,11,1,,,
7/5/19 3:23,7/5/19 3:27,0,,100,248,1,7/5/19 3:27,R_ero3bhqcujpgMH7,,,,,,,anonymous,EN,1,2,,2,,3,4,5,4,5,3,4,5,3,4,4,3,9.077,31.282,32.765,13,3,5,3,2,4,1,3,5,4,,4,2,8.259,28.514,30.242,11,7,7,7,7,7,7,6,7,7,7,7,6,7,7,3.456,28.271,29.598,14,7,5,3,7,6,7,4,3,2,1,3.683,26.224,27.155,10,1,,,
7/5/19 3:24,7/5/19 3:29,0,,100,313,1,7/5/19 3:29,R_56VNJY6W0EmRHZT,,,,,,,anonymous,EN,1,1,,1,,2,2,6,6,2,2,2,1,6,6,2,3,8.541,75.245,76.851,14,5,5,1,1,2,1,6,6,2,2,4,5,5.073,66.823,68.119,13,2,6,1,3,1,6,1,3,2,1,1,6,1,1,9.85,71.313,73.621,14,3,7,7,1,7,7,7,5,3,6,16.349,61.888,63.064,11,1,,,
7/5/19 3:24,7/5/19 3:30,0,,100,330,1,7/5/19 3:30,R_2YgZejWTrWGSPeM,,,,,,,anonymous,EN,1,2,,1,,3,2,3,2,1,1,2,2,3,3,1,2,11.522,75.676,76.548,26,5,5,3,4,3,3,3,4,2,2,4,4,6.948,74.989,77.299,25,5,2,2,2,2,1,5,1,6,3,3,1,3,5,11.537,69.368,70.235,27,3,5,2,2,3,2,3,4,6,3,13.805,57.813,58.908,20,1,,,
7/5/19 3:27,7/5/19 3:30,0,,100,162,1,7/5/19 3:30,R_30iajWi4iAZTTYK,,,,,,,anonymous,EN,1,2,,2,,6,3,4,5,4,5,4,3,4,3,4,5,1.411,15.64,16.864,12,4,6,6,3,5,3,4,5,5,4,2,3,1.811,12.936,14.8,12,7,5,6,7,6,6,7,7,6,6,6,6,7,7,2.393,19.636,20.913,15,7,6,7,5,7,7,2,4,2,1,7.782,20.045,21.547,10,1,,,
7/5/19 3:29,7/5/19 3:32,0,,100,149,1,7/5/19 3:32,R_1Ol7wHWqHfq1SEm,,,,,,,anonymous,EN,1,2,,1,,3,4,4,3,5,5,4,4,3,4,5,5,5.332,39.987,40.701,14,4,4,3,4,2,4,2,3,5,5,3,3,4.231,33.463,34.241,14,6,7,5,5,6,6,6,5,4,5,7,5,6,5,6.303,35.147,35.847,14,4,5,5,4,6,5,5,4,1,3,4.072,20.237,20.969,10,1,,,
7/5/19 3:31,7/5/19 3:34,0,,100,170,1,7/5/19 3:34,R_2fAGlQDodEuwHDq,,,,,,,anonymous,EN,1,1,,1,,1,3,5,4,5,5,5,5,5,5,5,5,2.987,41.433,43.4,13,1,4,1,1,1,1,1,1,1,1,1,1,3.732,34.644,35.815,13,6,7,6,6,6,6,6,6,6,6,6,6,6,6,3.549,29.868,31.683,18,6,6,3,6,6,6,3,2,1,4,7.3,40.376,41.201,13,1,,,
7/5/19 3:31,7/5/19 3:36,0,,100,308,1,7/5/19 3:36,R_2aeIEMLXb3h33Dr,,,,,,,anonymous,EN,1,2,,1,,4,4,6,5,4,5,3,3,4,4,5,5,11.69,73.276,73.956,17,5,5,3,3,2,2,3,3,2,2,3,4,8.844,88.84,90.937,16,6,4,5,7,4,7,7,5,6,5,6,5,4,5,10.562,69.266,70.106,20,4,5,5,4,5,5,5,5,3,5,8.132,47.597,48.555,16,1,,,
7/5/19 3:35,7/5/19 3:40,0,,100,290,1,7/5/19 3:40,R_2EsKWA4wk4Kkmb9,,,,,,,anonymous,EN,1,1,,1,,5,3,5,4,5,4,5,3,5,5,3,5,25.989,47.155,95.89,12,3,4,5,3,2,5,4,4,4,4,5,5,5.15,26.182,26.8,13,4,6,4,7,5,6,4,6,6,5,4,6,6,3,14.125,51.802,52.525,14,6,4,6,4,6,4,6,4,5,6,11.671,21.655,35.9,10,1,,,
7/5/19 3:37,7/5/19 3:40,0,,100,184,1,7/5/19 3:40,R_12h7qzpTy0gW66V,,,,,,,anonymous,EN,1,1,,1,,3,4,5,4,3,2,6,6,4,4,4,3,10.002,47.186,48.372,21,1,1,1,1,1,1,1,1,1,1,1,1,2.056,20.144,21.683,15,7,7,7,7,7,7,7,7,7,7,7,7,7,7,16.136,32.503,48.887,15,7,5,5,7,7,7,1,1,1,1,9.038,35.029,41.947,11,1,,,
7/5/19 3:38,7/5/19 3:41,0,,100,159,1,7/5/19 3:41,R_28XNjeWrh7w3W76,,,,,,,anonymous,EN,1,2,,1,,5,4,5,4,5,5,4,5,4,5,4,5,2.989,25.185,26.373,12,5,5,5,4,4,4,5,4,5,5,5,5,2.008,22.255,23.529,13,5,,6,6,5,5,5,6,6,6,6,6,5,6,4.92,20.688,22.378,13,6,5,6,5,6,5,,5,6,5,26.339,39.544,48.343,10,1,,,
7/5/19 3:36,7/5/19 3:43,0,,100,399,1,7/5/19 3:43,R_2dL1NhI7uu0dMuW,,,,,,,anonymous,EN,1,2,,1,,1,1,6,5,6,3,5,6,6,4,6,6,9.697,111.946,113.125,14,1,1,1,1,1,1,2,1,1,1,1,1,14.59,98.794,100.65,14,6,5,7,4,5,5,7,5,5,7,5,7,5,6,12.481,76.392,77.909,16,4,4,4,4,5,5,4,4,4,4,19.52,54.945,57.707,10,1,,,
7/5/19 3:44,7/5/19 3:48,0,,100,282,1,7/5/19 3:48,R_2dzItf4zLMId7Cl,,,,,,,anonymous,EN,1,2,,2,,1,1,6,6,6,6,6,5,6,6,6,6,1.669,57.092,58.085,25,6,6,1,1,3,6,3,2,1,2,1,3,4.901,70.92,72.285,19,7,5,5,7,7,7,7,6,7,7,6,7,7,7,3.92,65.503,66.4,35,7,1,1,7,7,7,1,1,1,1,1.885,39.713,40.754,20,1,,,
7/5/19 3:46,7/5/19 3:50,0,,100,197,1,7/5/19 3:50,R_56FCwP6modiaj7P,,,,,,,anonymous,EN,1,2,,1,,2,3,5,5,4,3,4,5,6,6,6,5,2.566,17.135,25.012,13,5,5,4,2,4,4,5,6,5,6,3,4,3.98,22.915,23.899,13,6,7,6,3,6,6,7,7,5,6,5,6,7,3,8.112,38.002,39.112,19,6,7,7,6,6,4,5,6,1,5,8.247,35.853,36.628,13,1,,,
7/5/19 3:49,7/5/19 3:52,0,,100,164,1,7/5/19 3:52,R_3hliqLjQ1EmCMtX,,,,,,,anonymous,EN,1,1,,2,,4,3,4,5,4,3,4,5,4,3,4,3,3.842,19.474,21.887,12,4,3,5,4,3,3,4,5,5,3,6,4,2.363,19.901,26.88,13,6,7,5,4,6,5,6,5,4,5,7,5,5,6,6.018,24.945,34.038,16,6,5,4,7,5,7,6,5,6,5,4.087,23.088,28.36,12,1,,,
7/5/19 3:52,7/5/19 3:54,0,,100,126,1,7/5/19 3:54,R_2aad0kCy893Uw6Z,,,,,,,anonymous,EN,1,1,,2,,4,6,3,5,4,4,5,3,4,5,5,4,0,0,27.196,0,5,6,3,6,5,4,5,3,6,6,6,5,0,0,13.534,0,6,7,6,7,7,5,6,6,7,4,5,7,5,5,0,0,19.473,0,4,6,7,5,7,5,7,6,7,6,0,0,15.087,0,2,,,
7/5/19 3:55,7/5/19 3:57,0,,100,90,1,7/5/19 3:57,R_3PRFP5ujO8oJ5mX,,,,,,,anonymous,EN,1,2,,1,,3,4,2,3,4,3,2,4,5,3,3,5,1.266,9.37,10.131,12,2,3,2,3,4,4,4,2,3,4,3,5,1.787,8.702,9.417,12,3,5,2,5,6,5,3,4,2,4,3,4,4,3,2.782,13.08,14.214,14,3,5,3,5,3,4,2,4,5,4,2.35,7.941,9.337,10,1,,,
7/5/19 3:55,7/5/19 4:02,0,,100,405,1,7/5/19 4:02,R_28NSLmtVKZxJMYo,,,,,,,anonymous,EN,1,1,,2,,3,4,4,3,3,4,2,3,2,3,3,2,25.74,111.66,112.517,13,3,4,3,3,3,3,3,3,2,1,2,1,15.352,71.53,72.907,12,6,5,5,6,5,6,5,5,7,5,6,6,4,6,9.239,92.086,92.838,15,2,7,7,1,1,2,7,7,6,7,8.103,89.08,90.23,10,1,,,
7/5/19 4:01,7/5/19 4:05,0,,100,270,1,7/5/19 4:05,R_RbhCruCSoHBSQOR,,,,,,,anonymous,EN,1,1,,1,,3,3,5,3,4,2,3,3,2,3,3,3,7.811,81.93,85.881,17,5,5,3,3,3,3,4,4,3,4,3,3,5.816,65.967,69.061,12,6,2,5,4,5,5,5,5,4,4,4,5,2,5,8.573,63.519,65.335,17,2,4,2,1,3,2,4,4,6,4,5.528,24.249,32.559,11,1,,,
7/5/19 3:58,7/5/19 4:06,0,,100,468,1,7/5/19 4:06,R_3M6dhrs0ny7tMBd,,,,,,,anonymous,EN,1,2,,1,,6,6,6,6,6,6,6,6,6,6,6,6,9.1,39.01,40.492,15,1,1,1,1,1,1,1,1,1,1,1,1,3.723,134.712,137.564,14,7,7,7,7,7,7,7,7,7,7,7,7,7,7,118.14,143.515,144.238,18,7,5,5,7,7,7,4,4,1,4,6.452,30.671,31.515,15,1,,,
7/5/19 4:05,7/5/19 4:10,0,,100,314,1,7/5/19 4:10,R_1q9B2yax3zPFdDY,,,,,,,anonymous,EN,1,2,,1,,3,3,4,5,3,3,4,3,2,3,3,3,44.307,89.454,90.759,18,4,4,2,2,3,3,3,2,2,2,3,2,10.844,52.752,53.582,15,4,5,5,4,2,3,5,3,4,5,4,2,2,3,7.972,57.923,60.934,18,2,6,5,2,2,2,5,6,6,6,9.271,37.393,38.284,14,1,,,
7/5/19 4:05,7/5/19 4:12,0,,100,421,1,7/5/19 4:12,R_1K15iD8pqkRFSSK,,,,,,,anonymous,EN,1,1,,1,,2,1,5,4,4,3,4,4,5,4,4,5,17.702,96.98,98.581,13,3,2,1,2,1,1,2,2,3,3,1,2,66.593,185.112,191.208,13,6,6,6,5,5,7,4,7,5,4,5,5,5,6,16.129,53.888,57.521,15,4,5,6,4,5,3,5,5,4,5,4.141,36.345,39.49,10,1,,,
7/5/19 4:10,7/5/19 4:13,0,,100,205,1,7/5/19 4:13,R_3qg2PG7Tg1j6f1i,,,,,,,anonymous,EN,1,1,,1,,3,4,3,4,3,4,5,3,4,5,4,5,11.961,26.424,27.461,13,5,4,2,4,4,4,3,3,4,5,3,3,8.815,37.809,47.065,13,6,6,5,6,7,7,4,5,6,6,5,6,5,5,22.115,36.789,38.275,14,7,6,5,6,7,4,5,6,5,6,10.343,22.44,23.922,10,,,,
7/5/19 4:13,7/5/19 4:15,0,,100,125,1,7/5/19 4:15,R_2c72SYdtFPeMzLS,,,,,,,anonymous,EN,1,1,,2,,5,4,5,5,5,4,5,4,4,5,5,5,1.584,14.407,25.412,13,4,5,5,5,4,4,4,5,4,,5,5,1.31,11.791,14.288,15,7,6,6,6,6,6,6,5,6,6,5,6,5,7,1.048,13.003,13.547,17,5,5,4,5,5,6,5,4,5,6,0.969,9.288,18.823,11,2,,,
7/5/19 4:15,7/5/19 4:20,0,,100,259,1,7/5/19 4:20,R_UhBmc6zQibfcJZT,,,,,,,anonymous,EN,1,1,,1,,4,4,4,4,4,4,4,4,4,4,4,4,4.712,28.949,30.596,12,3,2,2,2,1,2,2,1,2,2,2,2,4.156,32.996,34.737,13,6,6,3,6,5,5,5,6,6,4,6,4,7,4,9.554,38.85,39.601,15,6,1,1,6,6,6,1,1,1,1,37.012,120.176,123.233,11,1,,,
7/5/19 4:20,7/5/19 4:23,0,,100,140,1,7/5/19 4:23,R_3kw9y3qLmJHMpDr,,,,,,,anonymous,EN,1,3,Female       Mturk ID: A1EN3FW93BSXQQ,4,,2,3,4,4,4,3,3,3,4,4,3,3,6.182,23.131,24.147,12,4,4,1,1,1,2,2,2,3,3,2,2,3.312,24.643,25.64,12,6,5,5,5,5,6,5,6,5,5,3,3,5,5,13.088,34.742,35.9,14,5,6,6,5,5,5,6,6,2,6,4.409,13.435,14.07,10,1,,,
7/5/19 4:32,7/5/19 4:35,0,,100,196,1,7/5/19 4:35,R_2QxqAdwtLB1fPBA,,,,,,,anonymous,EN,1,2,,1,,4,4,5,5,5,5,5,5,5,5,5,5,6.466,41.235,42.315,14,4,5,3,2,2,2,2,1,2,1,2,2,4.78,47.077,48.489,15,6,6,6,6,6,6,6,6,6,5,6,6,6,6,4.308,40.011,41.969,18,5,5,5,5,5,5,6,5,2,5,4.773,32.404,34.152,12,1,,,
7/5/19 4:38,7/5/19 4:44,0,,100,336,1,7/5/19 4:44,R_1q3xkHcP7jfY5xs,,,,,,,anonymous,EN,1,2,,1,,4,4,4,4,4,4,4,4,4,4,5,5,11.142,70.165,71.155,14,2,2,2,2,,3,3,2,2,2,2,3,5.576,97.55,98.562,12,6,6,6,6,6,6,6,6,5,6,5,6,6,6,1.885,56.749,59.106,15,5,6,6,6,6,5,6,6,3,5,12.764,66.886,67.561,10,1,,,
7/5/19 5:01,7/5/19 5:05,0,,100,211,1,7/5/19 5:05,R_Od8T5Cy3hq3ow81,,,,,,,anonymous,EN,1,2,,1,,2,2,4,3,3,1,1,1,4,3,3,3,4.982,57.765,58.525,15,3,4,5,3,6,3,6,6,4,4,6,6,4.914,48.475,49.297,13,4,3,1,4,5,7,2,4,3,4,4,4,2,3,4.88,57.776,58.718,15,1,7,7,1,1,1,7,7,7,7,8.283,22.291,24,10,1,,,
7/5/19 5:03,7/5/19 5:10,0,,100,393,1,7/5/19 5:10,R_r7JrepqmwfA4VpL,,,,,,,anonymous,EN,1,2,,1,,6,5,4,5,5,4,5,5,5,5,5,5,7.995,157.282,158.831,15,2,1,1,2,1,1,2,1,1,3,1,1,17.21,69.264,70.565,17,6,6,7,6,6,6,5,7,6,7,7,7,6,7,7.548,67.156,67.684,17,5,5,5,6,6,6,5,5,1,3,7.117,36.221,37.528,14,1,,,
7/5/19 2:14,7/5/19 2:26,0,,42,709,0,7/5/19 14:56,R_21tYZwc2TCDNXXg,,,,,,,anonymous,EN,1,1,,1,,,,,,,,,,,,,,,,,,3,3,3,4,3,3,3,4,2,3,3,2,14.681,124.673,125.692,18,,,,,,,,,,,,,,,,,,,,,,,,,,,,,,,,,,,,
7/5/19 2:31,7/5/19 2:32,0,,58,92,0,7/5/19 14:57,R_238kotVrUhH3zwZ,,,,,,,anonymous,EN,1,2,,2,,,,,,,,,,,,,,,,,,,,,,,,,,,,,,,,,,6,6,6,7,7,6,6,,7,7,6,6,7,7,15.783,32.868,45.517,14,6,7,6,7,6,7,6,7,6,7,3.311,19.247,20.087,10,,,,
7/5/19 2:20,7/5/19 2:21,0,,25,90,0,7/5/19 14:57,R_1jJOEPKSrxexZAz,,,,,,,anonymous,EN,1,2,,2,,,,,,,,,,,,,,,,,,,,,,,,,,,,,,,,,,,,,,,,,,,,,,,,,,,,,,,,,,,,,,,,,,,,,
7/5/19 2:52,7/5/19 4:10,0,,42,4698,0,7/5/19 14:57,R_2zk0tf9eAPr8Igj,,,,,,,anonymous,EN,1,2,,1,,,,,,,,,,,,,,,,,,,,,,,,,,,,,,,,,,,,,,,,,,,,,,,,,,,,3,7,7,6,4,3,6,3,3,3,5.252,571.086,571.801,26,,,,
7/5/19 2:26,7/5/19 2:27,0,,8,28,0,7/5/19 14:57,R_1laVbunfbNNRt3u,,,,,,,anonymous,EN,1,,,,,,,,,,,,,,,,,,,,,,,,,,,,,,,,,,,,,,,,,,,,,,,,,,,,,,,,,,,,,,,,,,,,,,,,
7/5/19 3:30,7/5/19 3:35,0,,92,273,0,7/5/19 14:57,R_2YX6SQywzOiHOP7,,,,,,,anonymous,EN,1,1,,1,,5,4,5,5,3,5,4,5,4,5,4,4,4.293,37.507,39.903,17,4,4,3,3,5,3,3,2,3,4,5,5,39.222,54.661,55.311,12,5,6,5,6,4,5,6,6,3,4,5,4,5,6,9.278,18.712,32.7,14,6,4,6,5,6,7,5,6,5,6,43.813,61.979,63.952,11,,,,
7/5/19 2:35,7/5/19 2:38,0,,58,173,0,7/5/19 14:57,R_2rS8LsXwQcYFnFv,,,,,,,anonymous,EN,1,1,,2,,,,,,,,,,,,,,,,,,,,,,,,,,,,,,,,,,6,7,7,6,7,6,6,7,7,7,6,6,7,6,13.098,50.708,56.299,14,7,6,7,6,6,5,6,5,6,5,11.927,37.65,39.101,10,,,,
7/5/19 2:26,7/5/19 2:27,0,,25,35,0,7/5/19 14:57,R_3MbMdtVV1MUdsvq,,,,,,,anonymous,EN,1,1,,4,,,,,,,,,,,,,,,,,,,,,,,,,,,,,,,,,,,,,,,,,,,,,,,,,,,,,,,,,,,,,,,,,,,,,
7/5/19 2:15,7/5/19 2:18,0,,92,149,0,7/5/19 14:57,R_302Gdf7tmipXQ5R,,,,,,,anonymous,EN,1,2,,1,,3,4,3,4,3,4,3,5,3,4,3,4,1.064,9.144,10.32,12,4,3,5,1,3,3,3,4,4,4,3,3,2.416,12.8,14.053,13,4,5,4,5,4,5,5,5,4,4,4,5,4,3,9.046,18.763,19.959,15,3,4,3,5,4,5,3,4,5,4,1.773,9.132,10.383,11,,,,
7/5/19 2:14,7/5/19 8:13,0,,75,21558,0,7/5/19 14:57,R_2f1FzKNbYx5MowF,,,,,,,anonymous,EN,1,2,,1,,4,4,4,4,4,4,4,4,4,4,5,4,9.08,37.901,39.724,13,4,1,1,1,1,1,1,1,1,2,1,1,6.283,48.6,49.965,14,6,6,6,5,6,7,6,7,6,4,5,6,7,6,5.755,53.817,55.047,17,,,,,,,,,,,,,,,,,,
7/5/19 2:32,7/5/19 2:33,0,,25,29,0,7/5/19 14:57,R_1Hp17vCG3Rk666f,,,,,,,anonymous,EN,1,1,,1,,,,,,,,,,,,,,,,,,,,,,,,,,,,,,,,,,,,,,,,,,,,,,,,,,,,,,,,,,,,,,,,,,,,,
7/5/19 2:16,7/5/19 2:16,0,,25,12,0,7/5/19 14:57,R_2WAv7sPHx1SoFVG,,,,,,,anonymous,EN,1,1,,6,,,,,,,,,,,,,,,,,,,,,,,,,,,,,,,,,,,,,,,,,,,,,,,,,,,,,,,,,,,,,,,,,,,,,